RIASSUNTO PER SCENARIO
Scenario 1 | PI: N/A | STO: 1891.5864 [perc=1666.7056, pren=22.1195, multa=202.7612] | EEV: 1983.3376 [perc=1666.7056, pren=113.8707, multa=202.7612]
Scenario 2 | PI: N/A | STO: 1742.1569 [perc=1536.5349, pren=22.1195, multa=183.5025] | EEV: 1650.4056 [perc=1536.5349, pren=113.8707, multa=0.0000]
Scenario 3 | PI: N/A | STO: 1934.2700 [perc=1912.1506, pren=22.1195, multa=0.0000] | EEV: 1846.8583 [perc=1732.9876, pren=113.8707, multa=0.0000]
Scenario 4 | PI: N/A | STO: 1872.6131 [perc=1850.4936, pren=22.1195, multa=0.0000] | EEV: 1794.2040 [perc=1680.3332, pren=113.8707, multa=0.0000]
Scenario 5 | PI: N/A | STO: 1857.6860 [perc=1770.9417, pren=22.1195, multa=64.6248] | EEV: 1949.4372 [perc=1770.9417, pren=113.8707, multa=64.6248]
Scenario 6 | PI: N/A | STO: 1789.3797 [perc=1499.8742, pren=22.1195, multa=267.3860] | EEV: 1881.1310 [perc=1499.8742, pren=113.8707, multa=267.3860]
Scenario 7 | PI: N/A | STO: 1968.8717 [perc=1882.1274, pren=22.1195, multa=64.6248] | EEV: 2060.6229 [perc=1882.1274, pren=113.8707, multa=64.6248]
Scenario 8 | PI: N/A | STO: 1874.8863 [perc=1763.4916, pren=22.1195, multa=89.2751] | EEV: 1835.0902 [perc=1721.2195, pren=113.8707, multa=0.0000]

BENCHMARK MEDI SUI SCENARI
PI: 0.0000
STO: 1866.4312
EEV: 1875.1359

DIAGNOSTICA SOLVER STO GUROBI
Status        : TIME_LIMIT
Soluzioni     : 10
ObjVal        : 1866.4312
ObjBound      : 1825.0796
MIPGap        : 2.2155%
Runtime       : 600.00s
Nodi esplorati: 218232

GAP
VSS = EEV - STO = 8.7047 (0.4642%)
Distanza diagnostica PI-STO = N/A

TRATTE I, PRENOTAZIONE E MULTA
  {11,70} | b=436.8939 | p=109.2235 | C=218.4469
  {66,101} | b=178.5503 | p=44.6376 | C=89.2751
  {70,97} | b=367.0050 | p=91.7512 | C=183.5025
  {70,99} | b=88.4779 | p=22.1195 | C=44.2390
  {70,100} | b=405.5225 | p=101.3806 | C=202.7612
  {70,101} | b=409.9657 | p=102.4914 | C=204.9829
  {101,129} | b=129.2496 | p=32.3124 | C=64.6248

ARCHI FREQUENTI AGGIUNTI ALLA PERTURBAZIONE: 6
  (11, 148)
  (94, 113)
  (31, 129)
  (100, 107)
  (63, 113)
  (63, 84)

USO ARCHI RANDOM (aggregato su 8 scenari di training)
  Totale inserimenti = 240
  Media per scenario = 30.0

IMPATTO ARCHI CASUALI - ADDESTRAMENTO
  Scenari analizzati = 8
  Estrazioni casuali totali scenario-specifiche = 240
  Archi casuali distinti = 87

  Conteggio degli archi casuali che compaiono nei tour
  PI : distinti usati almeno una volta = 0/87 (0.00%) | occorrenze scenario-specifiche = 0/240 (0.00%)
  STO: distinti usati almeno una volta = 30/87 (34.48%) | occorrenze scenario-specifiche = 38/240 (15.83%)
  EEV: distinti usati almeno una volta = 27/87 (31.03%) | occorrenze scenario-specifiche = 37/240 (15.42%)
  ANY: distinti usati in almeno un tour PI/STO/EEV = 35/87 (40.23%) | occorrenze scenario-specifiche = 47/240 (19.58%)

  Dettaglio per scenario: sid | casuali | PI | STO | EEV | ANY
     1 |      30 |  0 |   3 |   3 |   3
     2 |      30 |  0 |   4 |   4 |   4
     3 |      30 |  0 |   5 |   5 |   7
     4 |      30 |  0 |   5 |   6 |   9
     5 |      30 |  0 |   6 |   6 |   6
     6 |      30 |  0 |   3 |   3 |   3
     7 |      30 |  0 |   6 |   6 |   6
     8 |      30 |  0 |   6 |   4 |   9


============================================================
VALIDAZIONE OUT-OF-SAMPLE
  Scenari: 150 | seme: VALIDATION_SEED=99
  Politica STO: [(70, 99)] (1 archi prenotati)
  Politica EEV: [(70, 97), (70, 99)] (2 archi prenotati)

  Scen |         PI |    STO_val [perc, multa] |    EEV_val [perc, multa]
     1 |        N/A |  1717.1260 [1490.0237, 204.9829] |  1808.8773 [1490.0237, 204.9829]
     2 |        N/A |  1686.1272 [1574.7326, 89.2751] |  1777.8785 [1574.7326, 89.2751]
     3 |        N/A |  1887.1836 [1865.0641, 0.0000] |  1903.5487 [1725.0532, 64.6248]
     4 |        N/A |  1896.4805 [1809.7362, 64.6248] |  1825.4399 [1646.9443, 64.6248]
     5 |        N/A |  2004.6575 [1734.4107, 248.1273] |  1912.9063 [1734.4107, 64.6248]
     6 |        N/A |  1953.8426 [1867.0984, 64.6248] |  1919.0601 [1715.9143, 89.2751]
     7 |        N/A |  1767.7069 [1562.0850, 183.5025] |  1675.9557 [1562.0850, 0.0000]
     8 |        N/A |  1937.6552 [1915.5357, 0.0000] |  2029.4064 [1915.5357, 0.0000]
     9 |        N/A |  1772.2393 [1566.6173, 183.5025] |  1680.4880 [1566.6173, 0.0000]
    10 |        N/A |  2064.0847 [1669.6184, 372.3469] |  1983.1892 [1780.0433, 89.2751]
    11 |        N/A |  1780.8112 [1758.6918, 0.0000] |  1872.5625 [1758.6918, 0.0000]
    12 |        N/A |  1841.3088 [1729.9142, 89.2751] |  1933.0600 [1729.9142, 89.2751]
    13 |        N/A |  1697.4014 [1675.2819, 0.0000] |  1789.1526 [1675.2819, 0.0000]
    14 |        N/A |  1915.4485 [1893.3290, 0.0000] |  2007.1998 [1893.3290, 0.0000]
    15 |        N/A |  1841.5397 [1665.5203, 153.8999] |  1851.7214 [1583.9507, 153.8999]
    16 |        N/A |  1808.4170 [1786.2975, 0.0000] |  1900.1682 [1786.2975, 0.0000]
    17 |        N/A |  1799.2625 [1529.0157, 248.1273] |  1707.5113 [1529.0157, 64.6248]
    18 |        N/A |  1965.7131 [1738.6108, 204.9829] |  1928.9647 [1815.0939, 0.0000]
    19 |        N/A |  1835.8834 [1749.1392, 64.6248] |  1775.5801 [1597.0846, 64.6248]
    20 |        N/A |  1528.0591 [1322.4371, 183.5025] |  1436.3078 [1322.4371, 0.0000]
    21 |        N/A |  1928.9592 [1906.8398, 0.0000] |  1982.7400 [1868.8693, 0.0000]
    22 |        N/A |  1739.8272 [1717.7077, 0.0000] |  1831.5785 [1717.7077, 0.0000]
    23 |        N/A |  1693.0610 [1606.3167, 64.6248] |  1784.8122 [1606.3167, 64.6248]
    24 |        N/A |  1831.7317 [1809.6122, 0.0000] |  1923.4830 [1809.6122, 0.0000]
    25 |        N/A |  1961.7716 [1875.0273, 64.6248] |  2053.5228 [1875.0273, 64.6248]
    26 |        N/A |  1848.1883 [1558.6828, 267.3860] |  1931.1439 [1752.6484, 64.6248]
    27 |        N/A |  2026.4722 [2004.3527, 0.0000] |  2010.0003 [1896.1296, 0.0000]
    28 |        N/A |  1713.0806 [1690.9611, 0.0000] |  1804.8319 [1690.9611, 0.0000]
    29 |        N/A |  1937.0411 [1914.9216, 0.0000] |  2028.7924 [1914.9216, 0.0000]
    30 |        N/A |  2028.5027 [1941.7584, 64.6248] |  2120.2540 [1941.7584, 64.6248]
    31 |        N/A |  1776.6215 [1689.8772, 64.6248] |  1868.3727 [1689.8772, 64.6248]
    32 |        N/A |  1945.7419 [1720.8612, 202.7612] |  2037.4932 [1720.8612, 202.7612]
    33 |        N/A |  1889.9007 [1778.5061, 89.2751] |  1981.6520 [1778.5061, 89.2751]
    34 |        N/A |  1634.1045 [1328.9132, 283.0717] |  1579.9213 [1376.7754, 89.2751]
    35 |        N/A |  1690.2057 [1668.0862, 0.0000] |  1781.9570 [1668.0862, 0.0000]
    36 |        N/A |  1923.2187 [1836.4745, 64.6248] |  2014.9700 [1836.4745, 64.6248]
    37 |        N/A |  2050.0401 [1963.2959, 64.6248] |  2108.9533 [1930.4578, 64.6248]
    38 |        N/A |  1890.2992 [1714.2798, 153.8999] |  1982.0505 [1714.2798, 153.8999]
    39 |        N/A |  1961.8385 [1691.5917, 248.1273] |  1870.0872 [1691.5917, 64.6248]
    40 |        N/A |  1850.6975 [1828.5780, 0.0000] |  1800.7266 [1686.8558, 0.0000]
    41 |        N/A |  1670.1647 [1648.0452, 0.0000] |  1761.9160 [1648.0452, 0.0000]
    42 |        N/A |  1792.8881 [1770.7686, 0.0000] |  1884.6393 [1770.7686, 0.0000]
    43 |        N/A |  1709.4477 [1687.3283, 0.0000] |  1755.7855 [1641.9148, 0.0000]
    44 |        N/A |  1950.1098 [1679.8630, 248.1273] |  1858.3585 [1679.8630, 64.6248]
    45 |        N/A |  1989.0609 [1718.8141, 248.1273] |  1897.3096 [1718.8141, 64.6248]
    46 |        N/A |  1744.8090 [1722.6895, 0.0000] |  1836.5602 [1722.6895, 0.0000]
    47 |        N/A |  1869.6061 [1644.7254, 202.7612] |  1835.0983 [1721.2276, 0.0000]
    48 |        N/A |  1630.8206 [1608.7012, 0.0000] |  1612.8790 [1434.3835, 64.6248]
    49 |        N/A |  1827.8094 [1600.7071, 204.9829] |  1919.5607 [1600.7071, 204.9829]
    50 |        N/A |  1896.3686 [1784.9740, 89.2751] |  1948.1756 [1745.0297, 89.2751]
    51 |        N/A |  1993.5911 [1971.4716, 0.0000] |  1948.2964 [1834.4256, 0.0000]
    52 |        N/A |  1937.0554 [1709.9531, 204.9829] |  1993.8552 [1815.3596, 64.6248]
    53 |        N/A |  1590.0936 [1567.9741, 0.0000] |  1681.8448 [1567.9741, 0.0000]
    54 |        N/A |  1750.3023 [1728.1828, 0.0000] |  1745.5657 [1631.6949, 0.0000]
    55 |        N/A |  1953.1661 [1663.6606, 267.3860] |  1886.5294 [1708.0339, 64.6248]
    56 |        N/A |  2019.7922 [1933.0480, 64.6248] |  1946.2688 [1767.7733, 64.6248]
    57 |        N/A |  1440.9100 [1329.5154, 89.2751] |  1532.6612 [1329.5154, 89.2751]
    58 |        N/A |  1961.6751 [1850.2805, 89.2751] |  1972.6516 [1769.5057, 89.2751]
    59 |        N/A |  1860.5796 [1838.4602, 0.0000] |  1796.0815 [1617.5860, 64.6248]
    60 |        N/A |  1851.8412 [1829.7218, 0.0000] |  1943.5925 [1829.7218, 0.0000]
    61 |        N/A |  1713.6479 [1626.9036, 64.6248] |  1782.5395 [1604.0439, 64.6248]
    62 |        N/A |  1744.9088 [1658.1645, 64.6248] |  1836.6600 [1658.1645, 64.6248]
    63 |        N/A |  1933.2853 [1706.1829, 204.9829] |  1986.2149 [1718.4443, 153.8999]
    64 |        N/A |  1822.1316 [1800.0121, 0.0000] |  1913.8828 [1800.0121, 0.0000]
    65 |        N/A |  1802.1768 [1596.5548, 183.5025] |  1710.4256 [1596.5548, 0.0000]
    66 |        N/A |  1786.6887 [1516.4419, 248.1273] |  1694.9375 [1516.4419, 64.6248]
    67 |        N/A |  1851.3811 [1624.2788, 204.9829] |  1943.1324 [1624.2788, 204.9829]
    68 |        N/A |  1874.1515 [1603.9048, 248.1273] |  1782.4003 [1603.9048, 64.6248]
    69 |        N/A |  1693.1400 [1671.0205, 0.0000] |  1784.8913 [1671.0205, 0.0000]
    70 |        N/A |  1644.2665 [1557.5222, 64.6248] |  1736.0177 [1557.5222, 64.6248]
    71 |        N/A |  1625.8828 [1603.7633, 0.0000] |  1717.6340 [1603.7633, 0.0000]
    72 |        N/A |  1751.1915 [1639.7968, 89.2751] |  1842.9427 [1639.7968, 89.2751]
    73 |        N/A |  1833.5875 [1746.8432, 64.6248] |  1925.3387 [1746.8432, 64.6248]
    74 |        N/A |  1742.0252 [1630.6305, 89.2751] |  1833.7764 [1630.6305, 89.2751]
    75 |        N/A |  1919.3580 [1832.6137, 64.6248] |  1920.7380 [1742.2425, 64.6248]
    76 |        N/A |  1854.3987 [1832.2792, 0.0000] |  1946.1500 [1832.2792, 0.0000]
    77 |        N/A |  1945.5253 [1858.7810, 64.6248] |  1878.9081 [1765.0374, 0.0000]
    78 |        N/A |  1840.4232 [1634.8013, 183.5025] |  1748.6720 [1634.8013, 0.0000]
    79 |        N/A |  1887.8754 [1660.7731, 204.9829] |  1936.1561 [1733.0102, 89.2751]
    80 |        N/A |  1783.3153 [1388.8489, 372.3469] |  1719.3256 [1605.4549, 0.0000]
    81 |        N/A |  1788.3649 [1612.3454, 153.8999] |  1880.1161 [1612.3454, 153.8999]
    82 |        N/A |  1838.6304 [1816.5109, 0.0000] |  1930.3816 [1816.5109, 0.0000]
    83 |        N/A |  1852.2086 [1830.0891, 0.0000] |  1943.9599 [1830.0891, 0.0000]
    84 |        N/A |  1513.8717 [1286.7694, 204.9829] |  1599.6640 [1485.7932, 0.0000]
    85 |        N/A |  1722.8966 [1498.0159, 202.7612] |  1814.6479 [1498.0159, 202.7612]
    86 |        N/A |  1773.4892 [1662.0946, 89.2751] |  1865.2405 [1662.0946, 89.2751]
    87 |        N/A |  1869.0491 [1846.9297, 0.0000] |  1868.8547 [1754.9840, 0.0000]
    88 |        N/A |  1899.1689 [1672.0666, 204.9829] |  1914.3780 [1800.5073, 0.0000]
    89 |        N/A |  1529.5989 [1442.8547, 64.6248] |  1621.3502 [1442.8547, 64.6248]
    90 |        N/A |  2071.7288 [2049.6093, 0.0000] |  2031.6670 [1917.7962, 0.0000]
    91 |        N/A |  1947.2984 [1925.1790, 0.0000] |  2039.0497 [1925.1790, 0.0000]
    92 |        N/A |  1919.6434 [1808.2488, 89.2751] |  1924.3378 [1656.5671, 153.8999]
    93 |        N/A |  1925.9341 [1701.0534, 202.7612] |  2017.6854 [1701.0534, 202.7612]
    94 |        N/A |  1959.5772 [1872.8329, 64.6248] |  1986.0314 [1807.5358, 64.6248]
    95 |        N/A |  1880.3522 [1793.6080, 64.6248] |  1972.1035 [1793.6080, 64.6248]
    96 |        N/A |  1988.8973 [1902.1530, 64.6248] |  1907.3772 [1728.8816, 64.6248]
    97 |        N/A |  1944.6607 [1833.2661, 89.2751] |  1855.7312 [1741.8605, 0.0000]
    98 |        N/A |  2016.2820 [1994.1625, 0.0000] |  1970.0999 [1856.2292, 0.0000]
    99 |        N/A |  1675.5308 [1653.4113, 0.0000] |  1767.2820 [1653.4113, 0.0000]
   100 |        N/A |  1840.4636 [1818.3442, 0.0000] |  1848.2727 [1734.4019, 0.0000]
   101 |        N/A |  1765.7464 [1654.3518, 89.2751] |  1857.4977 [1654.3518, 89.2751]
   102 |        N/A |  1705.7763 [1619.0320, 64.6248] |  1797.5276 [1619.0320, 64.6248]
   103 |        N/A |  1778.0932 [1666.6986, 89.2751] |  1689.1753 [1486.0295, 89.2751]
   104 |        N/A |  1631.7919 [1609.6724, 0.0000] |  1669.7751 [1555.9043, 0.0000]
   105 |        N/A |  1631.6337 [1609.5142, 0.0000] |  1723.3849 [1609.5142, 0.0000]
   106 |        N/A |  1816.1535 [1794.0340, 0.0000] |  1898.4365 [1784.5658, 0.0000]
   107 |        N/A |  1894.0553 [1666.9530, 204.9829] |  1985.8066 [1666.9530, 204.9829]
   108 |        N/A |  1915.2551 [1688.1528, 204.9829] |  2000.4634 [1886.5926, 0.0000]
   109 |        N/A |  1695.2212 [1608.4769, 64.6248] |  1786.9724 [1608.4769, 64.6248]
   110 |        N/A |  1832.3265 [1810.2070, 0.0000] |  1878.6213 [1764.7505, 0.0000]
   111 |        N/A |  2019.9539 [1997.8344, 0.0000] |  1974.9199 [1861.0492, 0.0000]
   112 |        N/A |  1683.4748 [1661.3553, 0.0000] |  1685.5277 [1571.6569, 0.0000]
   113 |        N/A |  1779.0764 [1756.9569, 0.0000] |  1870.8276 [1756.9569, 0.0000]
   114 |        N/A |  1870.7653 [1848.6458, 0.0000] |  1827.5330 [1713.6622, 0.0000]
   115 |        N/A |  1811.8401 [1700.4455, 89.2751] |  1903.5914 [1700.4455, 89.2751]
   116 |        N/A |  1818.0966 [1731.3523, 64.6248] |  1909.8479 [1731.3523, 64.6248]
   117 |        N/A |  1903.8403 [1792.4457, 89.2751] |  1995.5916 [1792.4457, 89.2751]
   118 |        N/A |  1805.0805 [1693.6858, 89.2751] |  1834.0095 [1630.8636, 89.2751]
   119 |        N/A |  1727.3811 [1640.6368, 64.6248] |  1690.2837 [1511.7881, 64.6248]
   120 |        N/A |  1830.8849 [1744.1406, 64.6248] |  1922.6361 [1744.1406, 64.6248]
   121 |        N/A |  1976.1161 [1889.3719, 64.6248] |  1967.4143 [1788.9188, 64.6248]
   122 |        N/A |  1716.2744 [1421.3772, 272.7776] |  1624.5231 [1421.3772, 89.2751]
   123 |        N/A |  1934.3050 [1912.1856, 0.0000] |  1990.4831 [1787.3372, 89.2751]
   124 |        N/A |  1569.0020 [1546.8826, 0.0000] |  1660.7533 [1546.8826, 0.0000]
   125 |        N/A |  1650.5999 [1628.4805, 0.0000] |  1742.3512 [1628.4805, 0.0000]
   126 |        N/A |  1946.5780 [1587.0561, 337.4024] |  1854.8267 [1587.0561, 153.8999]
   127 |        N/A |  1834.7519 [1607.6495, 204.9829] |  1926.5031 [1607.6495, 204.9829]
   128 |        N/A |  1882.4667 [1771.0720, 89.2751] |  1974.2179 [1771.0720, 89.2751]
   129 |        N/A |  1485.8911 [1374.4965, 89.2751] |  1577.6424 [1374.4965, 89.2751]
   130 |        N/A |  1884.9746 [1660.0938, 202.7612] |  1877.9135 [1764.0428, 0.0000]
   131 |        N/A |  1865.9465 [1779.2023, 64.6248] |  1880.5391 [1766.6684, 0.0000]
   132 |        N/A |  1825.4024 [1738.6582, 64.6248] |  1917.1537 [1738.6582, 64.6248]
   133 |        N/A |  1928.2144 [1906.0949, 0.0000] |  1956.2043 [1842.3336, 0.0000]
   134 |        N/A |  1939.0935 [1916.9740, 0.0000] |  1929.0178 [1750.5223, 64.6248]
   135 |        N/A |  1867.1989 [1661.5769, 183.5025] |  1775.4476 [1661.5769, 0.0000]
   136 |        N/A |  1993.4145 [1971.2950, 0.0000] |  2085.1657 [1971.2950, 0.0000]
   137 |        N/A |  1646.8791 [1624.7596, 0.0000] |  1738.6304 [1624.7596, 0.0000]
   138 |        N/A |  1697.6018 [1610.8575, 64.6248] |  1789.3530 [1610.8575, 64.6248]
   139 |        N/A |  1947.6278 [1742.0058, 183.5025] |  1855.8766 [1742.0058, 0.0000]
   140 |        N/A |  1768.2219 [1681.4776, 64.6248] |  1846.5210 [1732.6503, 0.0000]
   141 |        N/A |  1818.6504 [1707.2557, 89.2751] |  1748.5458 [1545.3999, 89.2751]
   142 |        N/A |  1830.0894 [1602.9871, 204.9829] |  1898.8073 [1695.6614, 89.2751]
   143 |        N/A |  1964.4941 [1942.3746, 0.0000] |  1941.4453 [1827.5746, 0.0000]
   144 |        N/A |  1799.4870 [1777.3675, 0.0000] |  1891.2382 [1777.3675, 0.0000]
   145 |        N/A |  1786.5958 [1764.4763, 0.0000] |  1867.9630 [1754.0923, 0.0000]
   146 |        N/A |  1855.8669 [1833.7474, 0.0000] |  1907.6756 [1793.8049, 0.0000]
   147 |        N/A |  1759.4605 [1672.7162, 64.6248] |  1851.2117 [1672.7162, 64.6248]
   148 |        N/A |  1600.0531 [1488.6585, 89.2751] |  1691.8044 [1488.6585, 89.2751]
   149 |        N/A |  1823.0538 [1711.6591, 89.2751] |  1914.8050 [1711.6591, 89.2751]
   150 |        N/A |  1919.8548 [1897.7353, 0.0000] |  2011.6060 [1897.7353, 0.0000]

  MEDIE VALIDAZIONE OUT-OF-SAMPLE
  PI_val  = 0.0000
  STO_val = 1826.0264  (politica x_sto applicata out-of-sample)
  EEV_val = 1859.8066  (politica x_ev  applicata out-of-sample)
  VSS_val = EEV_val - STO_val = 33.7802 (1.8163%)
  Gap PI-STO_val = nan%
============================================================

IMPATTO ARCHI CASUALI - VALIDAZIONE
  Scenari analizzati = 150
  Estrazioni casuali totali scenario-specifiche = 4500
  Archi casuali distinti = 92

  Conteggio degli archi casuali che compaiono nei tour
  PI : distinti usati almeno una volta = 0/92 (0.00%) | occorrenze scenario-specifiche = 0/4500 (0.00%)
  STO: distinti usati almeno una volta = 88/92 (95.65%) | occorrenze scenario-specifiche = 773/4500 (17.18%)
  EEV: distinti usati almeno una volta = 88/92 (95.65%) | occorrenze scenario-specifiche = 708/4500 (15.73%)
  ANY: distinti usati in almeno un tour PI/STO/EEV = 88/92 (95.65%) | occorrenze scenario-specifiche = 879/4500 (19.53%)

  Dettaglio per scenario: sid | casuali | PI | STO | EEV | ANY
     1 |      30 |  0 |   4 |   4 |   4
     2 |      30 |  0 |   5 |   5 |   5
     3 |      30 |  0 |   5 |   3 |   7
     4 |      30 |  0 |   5 |   5 |   6
     5 |      30 |  0 |   3 |   3 |   3
     6 |      30 |  0 |   4 |   6 |   9
     7 |      30 |  0 |   7 |   7 |   7
     8 |      30 |  0 |   6 |   6 |   6
     9 |      30 |  0 |   3 |   3 |   3
    10 |      30 |  0 |   4 |   4 |   7
    11 |      30 |  0 |   6 |   6 |   6
    12 |      30 |  0 |   4 |   4 |   4
    13 |      30 |  0 |   6 |   6 |   6
    14 |      30 |  0 |   7 |   7 |   7
    15 |      30 |  0 |   7 |   4 |   8
    16 |      30 |  0 |   5 |   5 |   5
    17 |      30 |  0 |   4 |   4 |   4
    18 |      30 |  0 |   8 |   5 |  11
    19 |      30 |  0 |   4 |   3 |   4
    20 |      30 |  0 |   5 |   5 |   5
    21 |      30 |  0 |   7 |   4 |   7
    22 |      30 |  0 |   7 |   7 |   7
    23 |      30 |  0 |   3 |   3 |   3
    24 |      30 |  0 |   7 |   7 |   7
    25 |      30 |  0 |   6 |   6 |   6
    26 |      30 |  0 |   3 |   2 |   3
    27 |      30 |  0 |   4 |   3 |   5
    28 |      30 |  0 |   4 |   4 |   4
    29 |      30 |  0 |   7 |   7 |   7
    30 |      30 |  0 |   7 |   7 |   7
    31 |      30 |  0 |   6 |   6 |   6
    32 |      30 |  0 |   7 |   7 |   7
    33 |      30 |  0 |   4 |   4 |   4
    34 |      30 |  0 |   5 |   5 |   6
    35 |      30 |  0 |   5 |   5 |   5
    36 |      30 |  0 |   3 |   3 |   3
    37 |      30 |  0 |   5 |   4 |   8
    38 |      30 |  0 |   3 |   3 |   3
    39 |      30 |  0 |   7 |   7 |   7
    40 |      30 |  0 |   6 |   5 |   6
    41 |      30 |  0 |   6 |   6 |   6
    42 |      30 |  0 |   6 |   6 |   6
    43 |      30 |  0 |   4 |   5 |   6
    44 |      30 |  0 |   3 |   3 |   3
    45 |      30 |  0 |   2 |   2 |   2
    46 |      30 |  0 |   5 |   5 |   5
    47 |      30 |  0 |   6 |   4 |   6
    48 |      30 |  0 |   6 |   4 |   7
    49 |      30 |  0 |   7 |   7 |   7
    50 |      30 |  0 |   7 |   5 |  10
    51 |      30 |  0 |   3 |   3 |   4
    52 |      30 |  0 |   6 |   4 |   9
    53 |      30 |  0 |   6 |   6 |   6
    54 |      30 |  0 |   3 |   5 |   7
    55 |      30 |  0 |   6 |   5 |   6
    56 |      30 |  0 |   4 |   4 |   6
    57 |      30 |  0 |   6 |   6 |   6
    58 |      30 |  0 |   6 |   4 |   8
    59 |      30 |  0 |   4 |   4 |   8
    60 |      30 |  0 |   4 |   4 |   4
    61 |      30 |  0 |   6 |   4 |   6
    62 |      30 |  0 |   5 |   5 |   5
    63 |      30 |  0 |   6 |   3 |   8
    64 |      30 |  0 |   5 |   5 |   5
    65 |      30 |  0 |   4 |   4 |   4
    66 |      30 |  0 |   5 |   5 |   5
    67 |      30 |  0 |   4 |   4 |   4
    68 |      30 |  0 |   3 |   3 |   3
    69 |      30 |  0 |   6 |   6 |   6
    70 |      30 |  0 |   4 |   4 |   4
    71 |      30 |  0 |   5 |   5 |   5
    72 |      30 |  0 |   7 |   7 |   7
    73 |      30 |  0 |   7 |   7 |   7
    74 |      30 |  0 |   4 |   4 |   4
    75 |      30 |  0 |   5 |   4 |   6
    76 |      30 |  0 |   6 |   6 |   6
    77 |      30 |  0 |   6 |   5 |   7
    78 |      30 |  0 |   2 |   2 |   2
    79 |      30 |  0 |   4 |   2 |   4
    80 |      30 |  0 |   2 |   5 |   7
    81 |      30 |  0 |   3 |   3 |   3
    82 |      30 |  0 |   7 |   7 |   7
    83 |      30 |  0 |   5 |   5 |   5
    84 |      30 |  0 |   3 |   3 |   5
    85 |      30 |  0 |   5 |   5 |   5
    86 |      30 |  0 |   5 |   5 |   5
    87 |      30 |  0 |   5 |   5 |   5
    88 |      30 |  0 |   6 |   3 |   7
    89 |      30 |  0 |   7 |   7 |   7
    90 |      30 |  0 |   5 |   3 |   6
    91 |      30 |  0 |   8 |   8 |   8
    92 |      30 |  0 |   6 |   2 |   6
    93 |      30 |  0 |   4 |   4 |   4
    94 |      30 |  0 |   4 |   3 |   7
    95 |      30 |  0 |   6 |   6 |   6
    96 |      30 |  0 |   5 |   7 |   7
    97 |      30 |  0 |   4 |   3 |   6
    98 |      30 |  0 |   5 |   7 |  10
    99 |      30 |  0 |   8 |   8 |   8
   100 |      30 |  0 |   6 |   4 |   7
   101 |      30 |  0 |   6 |   6 |   6
   102 |      30 |  0 |   4 |   4 |   4
   103 |      30 |  0 |   4 |   3 |   4
   104 |      30 |  0 |   5 |   3 |   5
   105 |      30 |  0 |   7 |   7 |   7
   106 |      30 |  0 |   7 |   7 |  11
   107 |      30 |  0 |   5 |   5 |   5
   108 |      30 |  0 |   5 |   3 |   6
   109 |      30 |  0 |   5 |   5 |   5
   110 |      30 |  0 |   3 |   2 |   3
   111 |      30 |  0 |   8 |   5 |  10
   112 |      30 |  0 |   8 |   7 |   8
   113 |      30 |  0 |   4 |   4 |   4
   114 |      30 |  0 |   5 |   4 |   7
   115 |      30 |  0 |   8 |   8 |   8
   116 |      30 |  0 |   6 |   6 |   6
   117 |      30 |  0 |   6 |   6 |   6
   118 |      30 |  0 |   7 |   5 |   7
   119 |      30 |  0 |   3 |   3 |   6
   120 |      30 |  0 |   5 |   5 |   5
   121 |      30 |  0 |   6 |   4 |  10
   122 |      30 |  0 |   5 |   5 |   5
   123 |      30 |  0 |   3 |   2 |   5
   124 |      30 |  0 |   4 |   4 |   4
   125 |      30 |  0 |   7 |   7 |   7
   126 |      30 |  0 |   2 |   2 |   2
   127 |      30 |  0 |   6 |   6 |   6
   128 |      30 |  0 |   5 |   5 |   5
   129 |      30 |  0 |   7 |   7 |   7
   130 |      30 |  0 |   5 |   4 |   7
   131 |      30 |  0 |   6 |   4 |   8
   132 |      30 |  0 |   3 |   3 |   3
   133 |      30 |  0 |   5 |   2 |   6
   134 |      30 |  0 |   4 |   3 |   5
   135 |      30 |  0 |   5 |   5 |   5
   136 |      30 |  0 |   5 |   5 |   5
   137 |      30 |  0 |   6 |   6 |   6
   138 |      30 |  0 |   4 |   4 |   4
   139 |      30 |  0 |   4 |   4 |   4
   140 |      30 |  0 |   5 |   2 |   6
   141 |      30 |  0 |   5 |   5 |   8
   142 |      30 |  0 |   4 |   4 |   7
   143 |      30 |  0 |   4 |   4 |   7
   144 |      30 |  0 |   8 |   8 |   8
   145 |      30 |  0 |   6 |   4 |   8
   146 |      30 |  0 |   4 |   4 |   6
   147 |      30 |  0 |   6 |   6 |   6
   148 |      30 |  0 |   8 |   8 |   8
   149 |      30 |  0 |   6 |   6 |   6
   150 |      30 |  0 |   3 |   3 |   3


============================================================
VALIDAZIONE OUT-OF-SAMPLE
  Scenari: 150 | seme: VALIDATION_SEED=99
  Politica STO: [(70, 99)] (1 archi prenotati)
  Politica EEV: [(70, 97), (70, 99)] (2 archi prenotati)

  Scen |         PI |    STO_val [perc, multa] |    EEV_val [perc, multa]
     1 |        N/A |  1717.1260 [1490.0237, 204.9829] |  1808.8773 [1490.0237, 204.9829]
     2 |        N/A |  1686.1272 [1574.7326, 89.2751] |  1777.8785 [1574.7326, 89.2751]
     3 |        N/A |  1887.1836 [1865.0641, 0.0000] |  1903.5487 [1725.0532, 64.6248]
     4 |        N/A |  1896.4805 [1809.7362, 64.6248] |  1825.4399 [1646.9443, 64.6248]
     5 |        N/A |  2004.6575 [1734.4107, 248.1273] |  1912.9063 [1734.4107, 64.6248]
     6 |        N/A |  1953.8426 [1867.0984, 64.6248] |  1919.0601 [1715.9143, 89.2751]
     7 |        N/A |  1767.7069 [1562.0850, 183.5025] |  1675.9557 [1562.0850, 0.0000]
     8 |        N/A |  1937.6552 [1915.5357, 0.0000] |  2029.4064 [1915.5357, 0.0000]
     9 |        N/A |  1772.2393 [1566.6173, 183.5025] |  1680.4880 [1566.6173, 0.0000]
    10 |        N/A |  2064.0847 [1669.6184, 372.3469] |  1983.1892 [1780.0433, 89.2751]
    11 |        N/A |  1780.8112 [1758.6918, 0.0000] |  1872.5625 [1758.6918, 0.0000]
    12 |        N/A |  1841.3088 [1729.9142, 89.2751] |  1933.0600 [1729.9142, 89.2751]
    13 |        N/A |  1697.4014 [1675.2819, 0.0000] |  1789.1526 [1675.2819, 0.0000]
    14 |        N/A |  1915.4485 [1893.3290, 0.0000] |  2007.1998 [1893.3290, 0.0000]
    15 |        N/A |  1841.5397 [1665.5203, 153.8999] |  1851.7214 [1583.9507, 153.8999]
    16 |        N/A |  1808.4170 [1786.2975, 0.0000] |  1900.1682 [1786.2975, 0.0000]
    17 |        N/A |  1799.2625 [1529.0157, 248.1273] |  1707.5113 [1529.0157, 64.6248]
    18 |        N/A |  1965.7131 [1738.6108, 204.9829] |  1928.9647 [1815.0939, 0.0000]
    19 |        N/A |  1835.8834 [1749.1392, 64.6248] |  1775.5801 [1597.0846, 64.6248]
    20 |        N/A |  1528.0591 [1322.4371, 183.5025] |  1436.3078 [1322.4371, 0.0000]
    21 |        N/A |  1928.9592 [1906.8398, 0.0000] |  1982.7400 [1868.8693, 0.0000]
    22 |        N/A |  1739.8272 [1717.7077, 0.0000] |  1831.5785 [1717.7077, 0.0000]
    23 |        N/A |  1693.0610 [1606.3167, 64.6248] |  1784.8122 [1606.3167, 64.6248]
    24 |        N/A |  1831.7317 [1809.6122, 0.0000] |  1923.4830 [1809.6122, 0.0000]
    25 |        N/A |  1961.7716 [1875.0273, 64.6248] |  2053.5228 [1875.0273, 64.6248]
    26 |        N/A |  1848.1883 [1558.6828, 267.3860] |  1931.1439 [1752.6484, 64.6248]
    27 |        N/A |  2026.4722 [2004.3527, 0.0000] |  2010.0003 [1896.1296, 0.0000]
    28 |        N/A |  1713.0806 [1690.9611, 0.0000] |  1804.8319 [1690.9611, 0.0000]
    29 |        N/A |  1937.0411 [1914.9216, 0.0000] |  2028.7924 [1914.9216, 0.0000]
    30 |        N/A |  2028.5027 [1941.7584, 64.6248] |  2120.2540 [1941.7584, 64.6248]
    31 |        N/A |  1776.6215 [1689.8772, 64.6248] |  1868.3727 [1689.8772, 64.6248]
    32 |        N/A |  1945.7419 [1720.8612, 202.7612] |  2037.4932 [1720.8612, 202.7612]
    33 |        N/A |  1889.9007 [1778.5061, 89.2751] |  1981.6520 [1778.5061, 89.2751]
    34 |        N/A |  1634.1045 [1328.9132, 283.0717] |  1579.9213 [1376.7754, 89.2751]
    35 |        N/A |  1690.2057 [1668.0862, 0.0000] |  1781.9570 [1668.0862, 0.0000]
    36 |        N/A |  1923.2187 [1836.4745, 64.6248] |  2014.9700 [1836.4745, 64.6248]
    37 |        N/A |  2050.0401 [1963.2959, 64.6248] |  2108.9533 [1930.4578, 64.6248]
    38 |        N/A |  1890.2992 [1714.2798, 153.8999] |  1982.0505 [1714.2798, 153.8999]
    39 |        N/A |  1961.8385 [1691.5917, 248.1273] |  1870.0872 [1691.5917, 64.6248]
    40 |        N/A |  1850.6975 [1828.5780, 0.0000] |  1800.7266 [1686.8558, 0.0000]
    41 |        N/A |  1670.1647 [1648.0452, 0.0000] |  1761.9160 [1648.0452, 0.0000]
    42 |        N/A |  1792.8881 [1770.7686, 0.0000] |  1884.6393 [1770.7686, 0.0000]
    43 |        N/A |  1709.4477 [1687.3283, 0.0000] |  1755.7855 [1641.9148, 0.0000]
    44 |        N/A |  1950.1098 [1679.8630, 248.1273] |  1858.3585 [1679.8630, 64.6248]
    45 |        N/A |  1989.0609 [1718.8141, 248.1273] |  1897.3096 [1718.8141, 64.6248]
    46 |        N/A |  1744.8090 [1722.6895, 0.0000] |  1836.5602 [1722.6895, 0.0000]
    47 |        N/A |  1869.6061 [1644.7254, 202.7612] |  1835.0983 [1721.2276, 0.0000]
    48 |        N/A |  1630.8206 [1608.7012, 0.0000] |  1612.8790 [1434.3835, 64.6248]
    49 |        N/A |  1827.8094 [1600.7071, 204.9829] |  1919.5607 [1600.7071, 204.9829]
    50 |        N/A |  1896.3686 [1784.9740, 89.2751] |  1948.1756 [1745.0297, 89.2751]
    51 |        N/A |  1993.5911 [1971.4716, 0.0000] |  1948.2964 [1834.4256, 0.0000]
    52 |        N/A |  1937.0554 [1709.9531, 204.9829] |  1993.8552 [1815.3596, 64.6248]
    53 |        N/A |  1590.0936 [1567.9741, 0.0000] |  1681.8448 [1567.9741, 0.0000]
    54 |        N/A |  1750.3023 [1728.1828, 0.0000] |  1745.5657 [1631.6949, 0.0000]
    55 |        N/A |  1953.1661 [1663.6606, 267.3860] |  1886.5294 [1708.0339, 64.6248]
    56 |        N/A |  2019.7922 [1933.0480, 64.6248] |  1946.2688 [1767.7733, 64.6248]
    57 |        N/A |  1440.9100 [1329.5154, 89.2751] |  1532.6612 [1329.5154, 89.2751]
    58 |        N/A |  1961.6751 [1850.2805, 89.2751] |  1972.6516 [1769.5057, 89.2751]
    59 |        N/A |  1860.5796 [1838.4602, 0.0000] |  1796.0815 [1617.5860, 64.6248]
    60 |        N/A |  1851.8412 [1829.7218, 0.0000] |  1943.5925 [1829.7218, 0.0000]
    61 |        N/A |  1713.6479 [1626.9036, 64.6248] |  1782.5395 [1604.0439, 64.6248]
    62 |        N/A |  1744.9088 [1658.1645, 64.6248] |  1836.6600 [1658.1645, 64.6248]
    63 |        N/A |  1933.2853 [1706.1829, 204.9829] |  1986.2149 [1718.4443, 153.8999]
    64 |        N/A |  1822.1316 [1800.0121, 0.0000] |  1913.8828 [1800.0121, 0.0000]
    65 |        N/A |  1802.1768 [1596.5548, 183.5025] |  1710.4256 [1596.5548, 0.0000]
    66 |        N/A |  1786.6887 [1516.4419, 248.1273] |  1694.9375 [1516.4419, 64.6248]
    67 |        N/A |  1851.3811 [1624.2788, 204.9829] |  1943.1324 [1624.2788, 204.9829]
    68 |        N/A |  1874.1515 [1603.9048, 248.1273] |  1782.4003 [1603.9048, 64.6248]
    69 |        N/A |  1693.1400 [1671.0205, 0.0000] |  1784.8913 [1671.0205, 0.0000]
    70 |        N/A |  1644.2665 [1557.5222, 64.6248] |  1736.0177 [1557.5222, 64.6248]
    71 |        N/A |  1625.8828 [1603.7633, 0.0000] |  1717.6340 [1603.7633, 0.0000]
    72 |        N/A |  1751.1915 [1639.7968, 89.2751] |  1842.9427 [1639.7968, 89.2751]
    73 |        N/A |  1833.5875 [1746.8432, 64.6248] |  1925.3387 [1746.8432, 64.6248]
    74 |        N/A |  1742.0252 [1630.6305, 89.2751] |  1833.7764 [1630.6305, 89.2751]
    75 |        N/A |  1919.3580 [1832.6137, 64.6248] |  1920.7380 [1742.2425, 64.6248]
    76 |        N/A |  1854.3987 [1832.2792, 0.0000] |  1946.1500 [1832.2792, 0.0000]
    77 |        N/A |  1945.5253 [1858.7810, 64.6248] |  1878.9081 [1765.0374, 0.0000]
    78 |        N/A |  1840.4232 [1634.8013, 183.5025] |  1748.6720 [1634.8013, 0.0000]
    79 |        N/A |  1887.8754 [1660.7731, 204.9829] |  1936.1561 [1733.0102, 89.2751]
    80 |        N/A |  1783.3153 [1388.8489, 372.3469] |  1719.3256 [1605.4549, 0.0000]
    81 |        N/A |  1788.3649 [1612.3454, 153.8999] |  1880.1161 [1612.3454, 153.8999]
    82 |        N/A |  1838.6304 [1816.5109, 0.0000] |  1930.3816 [1816.5109, 0.0000]
    83 |        N/A |  1852.2086 [1830.0891, 0.0000] |  1943.9599 [1830.0891, 0.0000]
    84 |        N/A |  1513.8717 [1286.7694, 204.9829] |  1599.6640 [1485.7932, 0.0000]
    85 |        N/A |  1722.8966 [1498.0159, 202.7612] |  1814.6479 [1498.0159, 202.7612]
    86 |        N/A |  1773.4892 [1662.0946, 89.2751] |  1865.2405 [1662.0946, 89.2751]
    87 |        N/A |  1869.0491 [1846.9297, 0.0000] |  1868.8547 [1754.9840, 0.0000]
    88 |        N/A |  1899.1689 [1672.0666, 204.9829] |  1914.3780 [1800.5073, 0.0000]
    89 |        N/A |  1529.5989 [1442.8547, 64.6248] |  1621.3502 [1442.8547, 64.6248]
    90 |        N/A |  2071.7288 [2049.6093, 0.0000] |  2031.6670 [1917.7962, 0.0000]
    91 |        N/A |  1947.2984 [1925.1790, 0.0000] |  2039.0497 [1925.1790, 0.0000]
    92 |        N/A |  1919.6434 [1808.2488, 89.2751] |  1924.3378 [1656.5671, 153.8999]
    93 |        N/A |  1925.9341 [1701.0534, 202.7612] |  2017.6854 [1701.0534, 202.7612]
    94 |        N/A |  1959.5772 [1872.8329, 64.6248] |  1986.0314 [1807.5358, 64.6248]
    95 |        N/A |  1880.3522 [1793.6080, 64.6248] |  1972.1035 [1793.6080, 64.6248]
    96 |        N/A |  1988.8973 [1902.1530, 64.6248] |  1907.3772 [1728.8816, 64.6248]
    97 |        N/A |  1944.6607 [1833.2661, 89.2751] |  1855.7312 [1741.8605, 0.0000]
    98 |        N/A |  2016.2820 [1994.1625, 0.0000] |  1970.0999 [1856.2292, 0.0000]
    99 |        N/A |  1675.5308 [1653.4113, 0.0000] |  1767.2820 [1653.4113, 0.0000]
   100 |        N/A |  1840.4636 [1818.3442, 0.0000] |  1848.2727 [1734.4019, 0.0000]
   101 |        N/A |  1765.7464 [1654.3518, 89.2751] |  1857.4977 [1654.3518, 89.2751]
   102 |        N/A |  1705.7763 [1619.0320, 64.6248] |  1797.5276 [1619.0320, 64.6248]
   103 |        N/A |  1778.0932 [1666.6986, 89.2751] |  1689.1753 [1486.0295, 89.2751]
   104 |        N/A |  1631.7919 [1609.6724, 0.0000] |  1669.7751 [1555.9043, 0.0000]
   105 |        N/A |  1631.6337 [1609.5142, 0.0000] |  1723.3849 [1609.5142, 0.0000]
   106 |        N/A |  1816.1535 [1794.0340, 0.0000] |  1898.4365 [1784.5658, 0.0000]
   107 |        N/A |  1894.0553 [1666.9530, 204.9829] |  1985.8066 [1666.9530, 204.9829]
   108 |        N/A |  1915.2551 [1688.1528, 204.9829] |  2000.4634 [1886.5926, 0.0000]
   109 |        N/A |  1695.2212 [1608.4769, 64.6248] |  1786.9724 [1608.4769, 64.6248]
   110 |        N/A |  1832.3265 [1810.2070, 0.0000] |  1878.6213 [1764.7505, 0.0000]
   111 |        N/A |  2019.9539 [1997.8344, 0.0000] |  1974.9199 [1861.0492, 0.0000]
   112 |        N/A |  1683.4748 [1661.3553, 0.0000] |  1685.5277 [1571.6569, 0.0000]
   113 |        N/A |  1779.0764 [1756.9569, 0.0000] |  1870.8276 [1756.9569, 0.0000]
   114 |        N/A |  1870.7653 [1848.6458, 0.0000] |  1827.5330 [1713.6622, 0.0000]
   115 |        N/A |  1811.8401 [1700.4455, 89.2751] |  1903.5914 [1700.4455, 89.2751]
   116 |        N/A |  1818.0966 [1731.3523, 64.6248] |  1909.8479 [1731.3523, 64.6248]
   117 |        N/A |  1903.8403 [1792.4457, 89.2751] |  1995.5916 [1792.4457, 89.2751]
   118 |        N/A |  1805.0805 [1693.6858, 89.2751] |  1834.0095 [1630.8636, 89.2751]
   119 |        N/A |  1727.3811 [1640.6368, 64.6248] |  1690.2837 [1511.7881, 64.6248]
   120 |        N/A |  1830.8849 [1744.1406, 64.6248] |  1922.6361 [1744.1406, 64.6248]
   121 |        N/A |  1976.1161 [1889.3719, 64.6248] |  1967.4143 [1788.9188, 64.6248]
   122 |        N/A |  1716.2744 [1421.3772, 272.7776] |  1624.5231 [1421.3772, 89.2751]
   123 |        N/A |  1934.3050 [1912.1856, 0.0000] |  1990.4831 [1787.3372, 89.2751]
   124 |        N/A |  1569.0020 [1546.8826, 0.0000] |  1660.7533 [1546.8826, 0.0000]
   125 |        N/A |  1650.5999 [1628.4805, 0.0000] |  1742.3512 [1628.4805, 0.0000]
   126 |        N/A |  1946.5780 [1587.0561, 337.4024] |  1854.8267 [1587.0561, 153.8999]
   127 |        N/A |  1834.7519 [1607.6495, 204.9829] |  1926.5031 [1607.6495, 204.9829]
   128 |        N/A |  1882.4667 [1771.0720, 89.2751] |  1974.2179 [1771.0720, 89.2751]
   129 |        N/A |  1485.8911 [1374.4965, 89.2751] |  1577.6424 [1374.4965, 89.2751]
   130 |        N/A |  1884.9746 [1660.0938, 202.7612] |  1877.9135 [1764.0428, 0.0000]
   131 |        N/A |  1865.9465 [1779.2023, 64.6248] |  1880.5391 [1766.6684, 0.0000]
   132 |        N/A |  1825.4024 [1738.6582, 64.6248] |  1917.1537 [1738.6582, 64.6248]
   133 |        N/A |  1928.2144 [1906.0949, 0.0000] |  1956.2043 [1842.3336, 0.0000]
   134 |        N/A |  1939.0935 [1916.9740, 0.0000] |  1929.0178 [1750.5223, 64.6248]
   135 |        N/A |  1867.1989 [1661.5769, 183.5025] |  1775.4476 [1661.5769, 0.0000]
   136 |        N/A |  1993.4145 [1971.2950, 0.0000] |  2085.1657 [1971.2950, 0.0000]
   137 |        N/A |  1646.8791 [1624.7596, 0.0000] |  1738.6304 [1624.7596, 0.0000]
   138 |        N/A |  1697.6018 [1610.8575, 64.6248] |  1789.3530 [1610.8575, 64.6248]
   139 |        N/A |  1947.6278 [1742.0058, 183.5025] |  1855.8766 [1742.0058, 0.0000]
   140 |        N/A |  1768.2219 [1681.4776, 64.6248] |  1846.5210 [1732.6503, 0.0000]
   141 |        N/A |  1818.6504 [1707.2557, 89.2751] |  1748.5458 [1545.3999, 89.2751]
   142 |        N/A |  1830.0894 [1602.9871, 204.9829] |  1898.8073 [1695.6614, 89.2751]
   143 |        N/A |  1964.4941 [1942.3746, 0.0000] |  1941.4453 [1827.5746, 0.0000]
   144 |        N/A |  1799.4870 [1777.3675, 0.0000] |  1891.2382 [1777.3675, 0.0000]
   145 |        N/A |  1786.5958 [1764.4763, 0.0000] |  1867.9630 [1754.0923, 0.0000]
   146 |        N/A |  1855.8669 [1833.7474, 0.0000] |  1907.6756 [1793.8049, 0.0000]
   147 |        N/A |  1759.4605 [1672.7162, 64.6248] |  1851.2117 [1672.7162, 64.6248]
   148 |        N/A |  1600.0531 [1488.6585, 89.2751] |  1691.8044 [1488.6585, 89.2751]
   149 |        N/A |  1823.0538 [1711.6591, 89.2751] |  1914.8050 [1711.6591, 89.2751]
   150 |        N/A |  1919.8548 [1897.7353, 0.0000] |  2011.6060 [1897.7353, 0.0000]

  MEDIE VALIDAZIONE OUT-OF-SAMPLE
  PI_val  = 0.0000
  STO_val = 1826.0264  (politica x_sto applicata out-of-sample)
  EEV_val = 1859.8066  (politica x_ev  applicata out-of-sample)
  VSS_val = EEV_val - STO_val = 33.7802 (1.8163%)
  Gap PI-STO_val = nan%
============================================================

IMPATTO ARCHI CASUALI - VALIDAZIONE
  Scenari analizzati = 150
  Estrazioni casuali totali scenario-specifiche = 4500
  Archi casuali distinti = 92

  Conteggio degli archi casuali che compaiono nei tour
  PI : distinti usati almeno una volta = 0/92 (0.00%) | occorrenze scenario-specifiche = 0/4500 (0.00%)
  STO: distinti usati almeno una volta = 88/92 (95.65%) | occorrenze scenario-specifiche = 773/4500 (17.18%)
  EEV: distinti usati almeno una volta = 88/92 (95.65%) | occorrenze scenario-specifiche = 708/4500 (15.73%)
  ANY: distinti usati in almeno un tour PI/STO/EEV = 88/92 (95.65%) | occorrenze scenario-specifiche = 879/4500 (19.53%)

  Dettaglio per scenario: sid | casuali | PI | STO | EEV | ANY
     1 |      30 |  0 |   4 |   4 |   4
     2 |      30 |  0 |   5 |   5 |   5
     3 |      30 |  0 |   5 |   3 |   7
     4 |      30 |  0 |   5 |   5 |   6
     5 |      30 |  0 |   3 |   3 |   3
     6 |      30 |  0 |   4 |   6 |   9
     7 |      30 |  0 |   7 |   7 |   7
     8 |      30 |  0 |   6 |   6 |   6
     9 |      30 |  0 |   3 |   3 |   3
    10 |      30 |  0 |   4 |   4 |   7
    11 |      30 |  0 |   6 |   6 |   6
    12 |      30 |  0 |   4 |   4 |   4
    13 |      30 |  0 |   6 |   6 |   6
    14 |      30 |  0 |   7 |   7 |   7
    15 |      30 |  0 |   7 |   4 |   8
    16 |      30 |  0 |   5 |   5 |   5
    17 |      30 |  0 |   4 |   4 |   4
    18 |      30 |  0 |   8 |   5 |  11
    19 |      30 |  0 |   4 |   3 |   4
    20 |      30 |  0 |   5 |   5 |   5
    21 |      30 |  0 |   7 |   4 |   7
    22 |      30 |  0 |   7 |   7 |   7
    23 |      30 |  0 |   3 |   3 |   3
    24 |      30 |  0 |   7 |   7 |   7
    25 |      30 |  0 |   6 |   6 |   6
    26 |      30 |  0 |   3 |   2 |   3
    27 |      30 |  0 |   4 |   3 |   5
    28 |      30 |  0 |   4 |   4 |   4
    29 |      30 |  0 |   7 |   7 |   7
    30 |      30 |  0 |   7 |   7 |   7
    31 |      30 |  0 |   6 |   6 |   6
    32 |      30 |  0 |   7 |   7 |   7
    33 |      30 |  0 |   4 |   4 |   4
    34 |      30 |  0 |   5 |   5 |   6
    35 |      30 |  0 |   5 |   5 |   5
    36 |      30 |  0 |   3 |   3 |   3
    37 |      30 |  0 |   5 |   4 |   8
    38 |      30 |  0 |   3 |   3 |   3
    39 |      30 |  0 |   7 |   7 |   7
    40 |      30 |  0 |   6 |   5 |   6
    41 |      30 |  0 |   6 |   6 |   6
    42 |      30 |  0 |   6 |   6 |   6
    43 |      30 |  0 |   4 |   5 |   6
    44 |      30 |  0 |   3 |   3 |   3
    45 |      30 |  0 |   2 |   2 |   2
    46 |      30 |  0 |   5 |   5 |   5
    47 |      30 |  0 |   6 |   4 |   6
    48 |      30 |  0 |   6 |   4 |   7
    49 |      30 |  0 |   7 |   7 |   7
    50 |      30 |  0 |   7 |   5 |  10
    51 |      30 |  0 |   3 |   3 |   4
    52 |      30 |  0 |   6 |   4 |   9
    53 |      30 |  0 |   6 |   6 |   6
    54 |      30 |  0 |   3 |   5 |   7
    55 |      30 |  0 |   6 |   5 |   6
    56 |      30 |  0 |   4 |   4 |   6
    57 |      30 |  0 |   6 |   6 |   6
    58 |      30 |  0 |   6 |   4 |   8
    59 |      30 |  0 |   4 |   4 |   8
    60 |      30 |  0 |   4 |   4 |   4
    61 |      30 |  0 |   6 |   4 |   6
    62 |      30 |  0 |   5 |   5 |   5
    63 |      30 |  0 |   6 |   3 |   8
    64 |      30 |  0 |   5 |   5 |   5
    65 |      30 |  0 |   4 |   4 |   4
    66 |      30 |  0 |   5 |   5 |   5
    67 |      30 |  0 |   4 |   4 |   4
    68 |      30 |  0 |   3 |   3 |   3
    69 |      30 |  0 |   6 |   6 |   6
    70 |      30 |  0 |   4 |   4 |   4
    71 |      30 |  0 |   5 |   5 |   5
    72 |      30 |  0 |   7 |   7 |   7
    73 |      30 |  0 |   7 |   7 |   7
    74 |      30 |  0 |   4 |   4 |   4
    75 |      30 |  0 |   5 |   4 |   6
    76 |      30 |  0 |   6 |   6 |   6
    77 |      30 |  0 |   6 |   5 |   7
    78 |      30 |  0 |   2 |   2 |   2
    79 |      30 |  0 |   4 |   2 |   4
    80 |      30 |  0 |   2 |   5 |   7
    81 |      30 |  0 |   3 |   3 |   3
    82 |      30 |  0 |   7 |   7 |   7
    83 |      30 |  0 |   5 |   5 |   5
    84 |      30 |  0 |   3 |   3 |   5
    85 |      30 |  0 |   5 |   5 |   5
    86 |      30 |  0 |   5 |   5 |   5
    87 |      30 |  0 |   5 |   5 |   5
    88 |      30 |  0 |   6 |   3 |   7
    89 |      30 |  0 |   7 |   7 |   7
    90 |      30 |  0 |   5 |   3 |   6
    91 |      30 |  0 |   8 |   8 |   8
    92 |      30 |  0 |   6 |   2 |   6
    93 |      30 |  0 |   4 |   4 |   4
    94 |      30 |  0 |   4 |   3 |   7
    95 |      30 |  0 |   6 |   6 |   6
    96 |      30 |  0 |   5 |   7 |   7
    97 |      30 |  0 |   4 |   3 |   6
    98 |      30 |  0 |   5 |   7 |  10
    99 |      30 |  0 |   8 |   8 |   8
   100 |      30 |  0 |   6 |   4 |   7
   101 |      30 |  0 |   6 |   6 |   6
   102 |      30 |  0 |   4 |   4 |   4
   103 |      30 |  0 |   4 |   3 |   4
   104 |      30 |  0 |   5 |   3 |   5
   105 |      30 |  0 |   7 |   7 |   7
   106 |      30 |  0 |   7 |   7 |  11
   107 |      30 |  0 |   5 |   5 |   5
   108 |      30 |  0 |   5 |   3 |   6
   109 |      30 |  0 |   5 |   5 |   5
   110 |      30 |  0 |   3 |   2 |   3
   111 |      30 |  0 |   8 |   5 |  10
   112 |      30 |  0 |   8 |   7 |   8
   113 |      30 |  0 |   4 |   4 |   4
   114 |      30 |  0 |   5 |   4 |   7
   115 |      30 |  0 |   8 |   8 |   8
   116 |      30 |  0 |   6 |   6 |   6
   117 |      30 |  0 |   6 |   6 |   6
   118 |      30 |  0 |   7 |   5 |   7
   119 |      30 |  0 |   3 |   3 |   6
   120 |      30 |  0 |   5 |   5 |   5
   121 |      30 |  0 |   6 |   4 |  10
   122 |      30 |  0 |   5 |   5 |   5
   123 |      30 |  0 |   3 |   2 |   5
   124 |      30 |  0 |   4 |   4 |   4
   125 |      30 |  0 |   7 |   7 |   7
   126 |      30 |  0 |   2 |   2 |   2
   127 |      30 |  0 |   6 |   6 |   6
   128 |      30 |  0 |   5 |   5 |   5
   129 |      30 |  0 |   7 |   7 |   7
   130 |      30 |  0 |   5 |   4 |   7
   131 |      30 |  0 |   6 |   4 |   8
   132 |      30 |  0 |   3 |   3 |   3
   133 |      30 |  0 |   5 |   2 |   6
   134 |      30 |  0 |   4 |   3 |   5
   135 |      30 |  0 |   5 |   5 |   5
   136 |      30 |  0 |   5 |   5 |   5
   137 |      30 |  0 |   6 |   6 |   6
   138 |      30 |  0 |   4 |   4 |   4
   139 |      30 |  0 |   4 |   4 |   4
   140 |      30 |  0 |   5 |   2 |   6
   141 |      30 |  0 |   5 |   5 |   8
   142 |      30 |  0 |   4 |   4 |   7
   143 |      30 |  0 |   4 |   4 |   7
   144 |      30 |  0 |   8 |   8 |   8
   145 |      30 |  0 |   6 |   4 |   8
   146 |      30 |  0 |   4 |   4 |   6
   147 |      30 |  0 |   6 |   6 |   6
   148 |      30 |  0 |   8 |   8 |   8
   149 |      30 |  0 |   6 |   6 |   6
   150 |      30 |  0 |   3 |   3 |   3


============================================================
VALIDAZIONE OUT-OF-SAMPLE
  Scenari: 150 | seme: VALIDATION_SEED=99
  Politica STO: [(70, 99)] (1 archi prenotati)
  Politica EEV: [(70, 97), (70, 99)] (2 archi prenotati)

  Scen |         PI |    STO_val [perc, multa] |    EEV_val [perc, multa]
     1 |        N/A |  1717.1260 [1490.0237, 204.9829] |  1808.8773 [1490.0237, 204.9829]
     2 |        N/A |  1686.1272 [1574.7326, 89.2751] |  1777.8785 [1574.7326, 89.2751]
     3 |        N/A |  1887.1836 [1865.0641, 0.0000] |  1903.5487 [1725.0532, 64.6248]
     4 |        N/A |  1896.4805 [1809.7362, 64.6248] |  1825.4399 [1646.9443, 64.6248]
     5 |        N/A |  2004.6575 [1734.4107, 248.1273] |  1912.9063 [1734.4107, 64.6248]
     6 |        N/A |  1953.8426 [1867.0984, 64.6248] |  1919.0601 [1715.9143, 89.2751]
     7 |        N/A |  1767.7069 [1562.0850, 183.5025] |  1675.9557 [1562.0850, 0.0000]
     8 |        N/A |  1937.6552 [1915.5357, 0.0000] |  2029.4064 [1915.5357, 0.0000]
     9 |        N/A |  1772.2393 [1566.6173, 183.5025] |  1680.4880 [1566.6173, 0.0000]
    10 |        N/A |  2064.0847 [1669.6184, 372.3469] |  1983.1892 [1780.0433, 89.2751]
    11 |        N/A |  1780.8112 [1758.6918, 0.0000] |  1872.5625 [1758.6918, 0.0000]
    12 |        N/A |  1841.3088 [1729.9142, 89.2751] |  1933.0600 [1729.9142, 89.2751]
    13 |        N/A |  1697.4014 [1675.2819, 0.0000] |  1789.1526 [1675.2819, 0.0000]
    14 |        N/A |  1915.4485 [1893.3290, 0.0000] |  2007.1998 [1893.3290, 0.0000]
    15 |        N/A |  1841.5397 [1665.5203, 153.8999] |  1851.7214 [1583.9507, 153.8999]
    16 |        N/A |  1808.4170 [1786.2975, 0.0000] |  1900.1682 [1786.2975, 0.0000]
    17 |        N/A |  1799.2625 [1529.0157, 248.1273] |  1707.5113 [1529.0157, 64.6248]
    18 |        N/A |  1965.7131 [1738.6108, 204.9829] |  1928.9647 [1815.0939, 0.0000]
    19 |        N/A |  1835.8834 [1749.1392, 64.6248] |  1775.5801 [1597.0846, 64.6248]
    20 |        N/A |  1528.0591 [1322.4371, 183.5025] |  1436.3078 [1322.4371, 0.0000]
    21 |        N/A |  1928.9592 [1906.8398, 0.0000] |  1982.7400 [1868.8693, 0.0000]
    22 |        N/A |  1739.8272 [1717.7077, 0.0000] |  1831.5785 [1717.7077, 0.0000]
    23 |        N/A |  1693.0610 [1606.3167, 64.6248] |  1784.8122 [1606.3167, 64.6248]
    24 |        N/A |  1831.7317 [1809.6122, 0.0000] |  1923.4830 [1809.6122, 0.0000]
    25 |        N/A |  1961.7716 [1875.0273, 64.6248] |  2053.5228 [1875.0273, 64.6248]
    26 |        N/A |  1848.1883 [1558.6828, 267.3860] |  1931.1439 [1752.6484, 64.6248]
    27 |        N/A |  2026.4722 [2004.3527, 0.0000] |  2010.0003 [1896.1296, 0.0000]
    28 |        N/A |  1713.0806 [1690.9611, 0.0000] |  1804.8319 [1690.9611, 0.0000]
    29 |        N/A |  1937.0411 [1914.9216, 0.0000] |  2028.7924 [1914.9216, 0.0000]
    30 |        N/A |  2028.5027 [1941.7584, 64.6248] |  2120.2540 [1941.7584, 64.6248]
    31 |        N/A |  1776.6215 [1689.8772, 64.6248] |  1868.3727 [1689.8772, 64.6248]
    32 |        N/A |  1945.7419 [1720.8612, 202.7612] |  2037.4932 [1720.8612, 202.7612]
    33 |        N/A |  1889.9007 [1778.5061, 89.2751] |  1981.6520 [1778.5061, 89.2751]
    34 |        N/A |  1634.1045 [1328.9132, 283.0717] |  1579.9213 [1376.7754, 89.2751]
    35 |        N/A |  1690.2057 [1668.0862, 0.0000] |  1781.9570 [1668.0862, 0.0000]
    36 |        N/A |  1923.2187 [1836.4745, 64.6248] |  2014.9700 [1836.4745, 64.6248]
    37 |        N/A |  2050.0401 [1963.2959, 64.6248] |  2108.9533 [1930.4578, 64.6248]
    38 |        N/A |  1890.2992 [1714.2798, 153.8999] |  1982.0505 [1714.2798, 153.8999]
    39 |        N/A |  1961.8385 [1691.5917, 248.1273] |  1870.0872 [1691.5917, 64.6248]
    40 |        N/A |  1850.6975 [1828.5780, 0.0000] |  1800.7266 [1686.8558, 0.0000]
    41 |        N/A |  1670.1647 [1648.0452, 0.0000] |  1761.9160 [1648.0452, 0.0000]
    42 |        N/A |  1792.8881 [1770.7686, 0.0000] |  1884.6393 [1770.7686, 0.0000]
    43 |        N/A |  1709.4477 [1687.3283, 0.0000] |  1755.7855 [1641.9148, 0.0000]
    44 |        N/A |  1950.1098 [1679.8630, 248.1273] |  1858.3585 [1679.8630, 64.6248]
    45 |        N/A |  1989.0609 [1718.8141, 248.1273] |  1897.3096 [1718.8141, 64.6248]
    46 |        N/A |  1744.8090 [1722.6895, 0.0000] |  1836.5602 [1722.6895, 0.0000]
    47 |        N/A |  1869.6061 [1644.7254, 202.7612] |  1835.0983 [1721.2276, 0.0000]
    48 |        N/A |  1630.8206 [1608.7012, 0.0000] |  1612.8790 [1434.3835, 64.6248]
    49 |        N/A |  1827.8094 [1600.7071, 204.9829] |  1919.5607 [1600.7071, 204.9829]
    50 |        N/A |  1896.3686 [1784.9740, 89.2751] |  1948.1756 [1745.0297, 89.2751]
    51 |        N/A |  1993.5911 [1971.4716, 0.0000] |  1948.2964 [1834.4256, 0.0000]
    52 |        N/A |  1937.0554 [1709.9531, 204.9829] |  1993.8552 [1815.3596, 64.6248]
    53 |        N/A |  1590.0936 [1567.9741, 0.0000] |  1681.8448 [1567.9741, 0.0000]
    54 |        N/A |  1750.3023 [1728.1828, 0.0000] |  1745.5657 [1631.6949, 0.0000]
    55 |        N/A |  1953.1661 [1663.6606, 267.3860] |  1886.5294 [1708.0339, 64.6248]
    56 |        N/A |  2019.7922 [1933.0480, 64.6248] |  1946.2688 [1767.7733, 64.6248]
    57 |        N/A |  1440.9100 [1329.5154, 89.2751] |  1532.6612 [1329.5154, 89.2751]
    58 |        N/A |  1961.6751 [1850.2805, 89.2751] |  1972.6516 [1769.5057, 89.2751]
    59 |        N/A |  1860.5796 [1838.4602, 0.0000] |  1796.0815 [1617.5860, 64.6248]
    60 |        N/A |  1851.8412 [1829.7218, 0.0000] |  1943.5925 [1829.7218, 0.0000]
    61 |        N/A |  1713.6479 [1626.9036, 64.6248] |  1782.5395 [1604.0439, 64.6248]
    62 |        N/A |  1744.9088 [1658.1645, 64.6248] |  1836.6600 [1658.1645, 64.6248]
    63 |        N/A |  1933.2853 [1706.1829, 204.9829] |  1986.2149 [1718.4443, 153.8999]
    64 |        N/A |  1822.1316 [1800.0121, 0.0000] |  1913.8828 [1800.0121, 0.0000]
    65 |        N/A |  1802.1768 [1596.5548, 183.5025] |  1710.4256 [1596.5548, 0.0000]
    66 |        N/A |  1786.6887 [1516.4419, 248.1273] |  1694.9375 [1516.4419, 64.6248]
    67 |        N/A |  1851.3811 [1624.2788, 204.9829] |  1943.1324 [1624.2788, 204.9829]
    68 |        N/A |  1874.1515 [1603.9048, 248.1273] |  1782.4003 [1603.9048, 64.6248]
    69 |        N/A |  1693.1400 [1671.0205, 0.0000] |  1784.8913 [1671.0205, 0.0000]
    70 |        N/A |  1644.2665 [1557.5222, 64.6248] |  1736.0177 [1557.5222, 64.6248]
    71 |        N/A |  1625.8828 [1603.7633, 0.0000] |  1717.6340 [1603.7633, 0.0000]
    72 |        N/A |  1751.1915 [1639.7968, 89.2751] |  1842.9427 [1639.7968, 89.2751]
    73 |        N/A |  1833.5875 [1746.8432, 64.6248] |  1925.3387 [1746.8432, 64.6248]
    74 |        N/A |  1742.0252 [1630.6305, 89.2751] |  1833.7764 [1630.6305, 89.2751]
    75 |        N/A |  1919.3580 [1832.6137, 64.6248] |  1920.7380 [1742.2425, 64.6248]
    76 |        N/A |  1854.3987 [1832.2792, 0.0000] |  1946.1500 [1832.2792, 0.0000]
    77 |        N/A |  1945.5253 [1858.7810, 64.6248] |  1878.9081 [1765.0374, 0.0000]
    78 |        N/A |  1840.4232 [1634.8013, 183.5025] |  1748.6720 [1634.8013, 0.0000]
    79 |        N/A |  1887.8754 [1660.7731, 204.9829] |  1936.1561 [1733.0102, 89.2751]
    80 |        N/A |  1783.3153 [1388.8489, 372.3469] |  1719.3256 [1605.4549, 0.0000]
    81 |        N/A |  1788.3649 [1612.3454, 153.8999] |  1880.1161 [1612.3454, 153.8999]
    82 |        N/A |  1838.6304 [1816.5109, 0.0000] |  1930.3816 [1816.5109, 0.0000]
    83 |        N/A |  1852.2086 [1830.0891, 0.0000] |  1943.9599 [1830.0891, 0.0000]
    84 |        N/A |  1513.8717 [1286.7694, 204.9829] |  1599.6640 [1485.7932, 0.0000]
    85 |        N/A |  1722.8966 [1498.0159, 202.7612] |  1814.6479 [1498.0159, 202.7612]
    86 |        N/A |  1773.4892 [1662.0946, 89.2751] |  1865.2405 [1662.0946, 89.2751]
    87 |        N/A |  1869.0491 [1846.9297, 0.0000] |  1868.8547 [1754.9840, 0.0000]
    88 |        N/A |  1899.1689 [1672.0666, 204.9829] |  1914.3780 [1800.5073, 0.0000]
    89 |        N/A |  1529.5989 [1442.8547, 64.6248] |  1621.3502 [1442.8547, 64.6248]
    90 |        N/A |  2071.7288 [2049.6093, 0.0000] |  2031.6670 [1917.7962, 0.0000]
    91 |        N/A |  1947.2984 [1925.1790, 0.0000] |  2039.0497 [1925.1790, 0.0000]
    92 |        N/A |  1919.6434 [1808.2488, 89.2751] |  1924.3378 [1656.5671, 153.8999]
    93 |        N/A |  1925.9341 [1701.0534, 202.7612] |  2017.6854 [1701.0534, 202.7612]
    94 |        N/A |  1959.5772 [1872.8329, 64.6248] |  1986.0314 [1807.5358, 64.6248]
    95 |        N/A |  1880.3522 [1793.6080, 64.6248] |  1972.1035 [1793.6080, 64.6248]
    96 |        N/A |  1988.8973 [1902.1530, 64.6248] |  1907.3772 [1728.8816, 64.6248]
    97 |        N/A |  1944.6607 [1833.2661, 89.2751] |  1855.7312 [1741.8605, 0.0000]
    98 |        N/A |  2016.2820 [1994.1625, 0.0000] |  1970.0999 [1856.2292, 0.0000]
    99 |        N/A |  1675.5308 [1653.4113, 0.0000] |  1767.2820 [1653.4113, 0.0000]
   100 |        N/A |  1840.4636 [1818.3442, 0.0000] |  1848.2727 [1734.4019, 0.0000]
   101 |        N/A |  1765.7464 [1654.3518, 89.2751] |  1857.4977 [1654.3518, 89.2751]
   102 |        N/A |  1705.7763 [1619.0320, 64.6248] |  1797.5276 [1619.0320, 64.6248]
   103 |        N/A |  1778.0932 [1666.6986, 89.2751] |  1689.1753 [1486.0295, 89.2751]
   104 |        N/A |  1631.7919 [1609.6724, 0.0000] |  1669.7751 [1555.9043, 0.0000]
   105 |        N/A |  1631.6337 [1609.5142, 0.0000] |  1723.3849 [1609.5142, 0.0000]
   106 |        N/A |  1816.1535 [1794.0340, 0.0000] |  1898.4365 [1784.5658, 0.0000]
   107 |        N/A |  1894.0553 [1666.9530, 204.9829] |  1985.8066 [1666.9530, 204.9829]
   108 |        N/A |  1915.2551 [1688.1528, 204.9829] |  2000.4634 [1886.5926, 0.0000]
   109 |        N/A |  1695.2212 [1608.4769, 64.6248] |  1786.9724 [1608.4769, 64.6248]
   110 |        N/A |  1832.3265 [1810.2070, 0.0000] |  1878.6213 [1764.7505, 0.0000]
   111 |        N/A |  2019.9539 [1997.8344, 0.0000] |  1974.9199 [1861.0492, 0.0000]
   112 |        N/A |  1683.4748 [1661.3553, 0.0000] |  1685.5277 [1571.6569, 0.0000]
   113 |        N/A |  1779.0764 [1756.9569, 0.0000] |  1870.8276 [1756.9569, 0.0000]
   114 |        N/A |  1870.7653 [1848.6458, 0.0000] |  1827.5330 [1713.6622, 0.0000]
   115 |        N/A |  1811.8401 [1700.4455, 89.2751] |  1903.5914 [1700.4455, 89.2751]
   116 |        N/A |  1818.0966 [1731.3523, 64.6248] |  1909.8479 [1731.3523, 64.6248]
   117 |        N/A |  1903.8403 [1792.4457, 89.2751] |  1995.5916 [1792.4457, 89.2751]
   118 |        N/A |  1805.0805 [1693.6858, 89.2751] |  1834.0095 [1630.8636, 89.2751]
   119 |        N/A |  1727.3811 [1640.6368, 64.6248] |  1690.2837 [1511.7881, 64.6248]
   120 |        N/A |  1830.8849 [1744.1406, 64.6248] |  1922.6361 [1744.1406, 64.6248]
   121 |        N/A |  1976.1161 [1889.3719, 64.6248] |  1967.4143 [1788.9188, 64.6248]
   122 |        N/A |  1716.2744 [1421.3772, 272.7776] |  1624.5231 [1421.3772, 89.2751]
   123 |        N/A |  1934.3050 [1912.1856, 0.0000] |  1990.4831 [1787.3372, 89.2751]
   124 |        N/A |  1569.0020 [1546.8826, 0.0000] |  1660.7533 [1546.8826, 0.0000]
   125 |        N/A |  1650.5999 [1628.4805, 0.0000] |  1742.3512 [1628.4805, 0.0000]
   126 |        N/A |  1946.5780 [1587.0561, 337.4024] |  1854.8267 [1587.0561, 153.8999]
   127 |        N/A |  1834.7519 [1607.6495, 204.9829] |  1926.5031 [1607.6495, 204.9829]
   128 |        N/A |  1882.4667 [1771.0720, 89.2751] |  1974.2179 [1771.0720, 89.2751]
   129 |        N/A |  1485.8911 [1374.4965, 89.2751] |  1577.6424 [1374.4965, 89.2751]
   130 |        N/A |  1884.9746 [1660.0938, 202.7612] |  1877.9135 [1764.0428, 0.0000]
   131 |        N/A |  1865.9465 [1779.2023, 64.6248] |  1880.5391 [1766.6684, 0.0000]
   132 |        N/A |  1825.4024 [1738.6582, 64.6248] |  1917.1537 [1738.6582, 64.6248]
   133 |        N/A |  1928.2144 [1906.0949, 0.0000] |  1956.2043 [1842.3336, 0.0000]
   134 |        N/A |  1939.0935 [1916.9740, 0.0000] |  1929.0178 [1750.5223, 64.6248]
   135 |        N/A |  1867.1989 [1661.5769, 183.5025] |  1775.4476 [1661.5769, 0.0000]
   136 |        N/A |  1993.4145 [1971.2950, 0.0000] |  2085.1657 [1971.2950, 0.0000]
   137 |        N/A |  1646.8791 [1624.7596, 0.0000] |  1738.6304 [1624.7596, 0.0000]
   138 |        N/A |  1697.6018 [1610.8575, 64.6248] |  1789.3530 [1610.8575, 64.6248]
   139 |        N/A |  1947.6278 [1742.0058, 183.5025] |  1855.8766 [1742.0058, 0.0000]
   140 |        N/A |  1768.2219 [1681.4776, 64.6248] |  1846.5210 [1732.6503, 0.0000]
   141 |        N/A |  1818.6504 [1707.2557, 89.2751] |  1748.5458 [1545.3999, 89.2751]
   142 |        N/A |  1830.0894 [1602.9871, 204.9829] |  1898.8073 [1695.6614, 89.2751]
   143 |        N/A |  1964.4941 [1942.3746, 0.0000] |  1941.4453 [1827.5746, 0.0000]
   144 |        N/A |  1799.4870 [1777.3675, 0.0000] |  1891.2382 [1777.3675, 0.0000]
   145 |        N/A |  1786.5958 [1764.4763, 0.0000] |  1867.9630 [1754.0923, 0.0000]
   146 |        N/A |  1855.8669 [1833.7474, 0.0000] |  1907.6756 [1793.8049, 0.0000]
   147 |        N/A |  1759.4605 [1672.7162, 64.6248] |  1851.2117 [1672.7162, 64.6248]
   148 |        N/A |  1600.0531 [1488.6585, 89.2751] |  1691.8044 [1488.6585, 89.2751]
   149 |        N/A |  1823.0538 [1711.6591, 89.2751] |  1914.8050 [1711.6591, 89.2751]
   150 |        N/A |  1919.8548 [1897.7353, 0.0000] |  2011.6060 [1897.7353, 0.0000]

  MEDIE VALIDAZIONE OUT-OF-SAMPLE
  PI_val  = 0.0000
  STO_val = 1826.0264  (politica x_sto applicata out-of-sample)
  EEV_val = 1859.8066  (politica x_ev  applicata out-of-sample)
  VSS_val = EEV_val - STO_val = 33.7802 (1.8163%)
  Gap PI-STO_val = nan%
============================================================

IMPATTO ARCHI CASUALI - VALIDAZIONE
  Scenari analizzati = 150
  Estrazioni casuali totali scenario-specifiche = 4500
  Archi casuali distinti = 92

  Conteggio degli archi casuali che compaiono nei tour
  PI : distinti usati almeno una volta = 0/92 (0.00%) | occorrenze scenario-specifiche = 0/4500 (0.00%)
  STO: distinti usati almeno una volta = 88/92 (95.65%) | occorrenze scenario-specifiche = 773/4500 (17.18%)
  EEV: distinti usati almeno una volta = 88/92 (95.65%) | occorrenze scenario-specifiche = 708/4500 (15.73%)
  ANY: distinti usati in almeno un tour PI/STO/EEV = 88/92 (95.65%) | occorrenze scenario-specifiche = 879/4500 (19.53%)

  Dettaglio per scenario: sid | casuali | PI | STO | EEV | ANY
     1 |      30 |  0 |   4 |   4 |   4
     2 |      30 |  0 |   5 |   5 |   5
     3 |      30 |  0 |   5 |   3 |   7
     4 |      30 |  0 |   5 |   5 |   6
     5 |      30 |  0 |   3 |   3 |   3
     6 |      30 |  0 |   4 |   6 |   9
     7 |      30 |  0 |   7 |   7 |   7
     8 |      30 |  0 |   6 |   6 |   6
     9 |      30 |  0 |   3 |   3 |   3
    10 |      30 |  0 |   4 |   4 |   7
    11 |      30 |  0 |   6 |   6 |   6
    12 |      30 |  0 |   4 |   4 |   4
    13 |      30 |  0 |   6 |   6 |   6
    14 |      30 |  0 |   7 |   7 |   7
    15 |      30 |  0 |   7 |   4 |   8
    16 |      30 |  0 |   5 |   5 |   5
    17 |      30 |  0 |   4 |   4 |   4
    18 |      30 |  0 |   8 |   5 |  11
    19 |      30 |  0 |   4 |   3 |   4
    20 |      30 |  0 |   5 |   5 |   5
    21 |      30 |  0 |   7 |   4 |   7
    22 |      30 |  0 |   7 |   7 |   7
    23 |      30 |  0 |   3 |   3 |   3
    24 |      30 |  0 |   7 |   7 |   7
    25 |      30 |  0 |   6 |   6 |   6
    26 |      30 |  0 |   3 |   2 |   3
    27 |      30 |  0 |   4 |   3 |   5
    28 |      30 |  0 |   4 |   4 |   4
    29 |      30 |  0 |   7 |   7 |   7
    30 |      30 |  0 |   7 |   7 |   7
    31 |      30 |  0 |   6 |   6 |   6
    32 |      30 |  0 |   7 |   7 |   7
    33 |      30 |  0 |   4 |   4 |   4
    34 |      30 |  0 |   5 |   5 |   6
    35 |      30 |  0 |   5 |   5 |   5
    36 |      30 |  0 |   3 |   3 |   3
    37 |      30 |  0 |   5 |   4 |   8
    38 |      30 |  0 |   3 |   3 |   3
    39 |      30 |  0 |   7 |   7 |   7
    40 |      30 |  0 |   6 |   5 |   6
    41 |      30 |  0 |   6 |   6 |   6
    42 |      30 |  0 |   6 |   6 |   6
    43 |      30 |  0 |   4 |   5 |   6
    44 |      30 |  0 |   3 |   3 |   3
    45 |      30 |  0 |   2 |   2 |   2
    46 |      30 |  0 |   5 |   5 |   5
    47 |      30 |  0 |   6 |   4 |   6
    48 |      30 |  0 |   6 |   4 |   7
    49 |      30 |  0 |   7 |   7 |   7
    50 |      30 |  0 |   7 |   5 |  10
    51 |      30 |  0 |   3 |   3 |   4
    52 |      30 |  0 |   6 |   4 |   9
    53 |      30 |  0 |   6 |   6 |   6
    54 |      30 |  0 |   3 |   5 |   7
    55 |      30 |  0 |   6 |   5 |   6
    56 |      30 |  0 |   4 |   4 |   6
    57 |      30 |  0 |   6 |   6 |   6
    58 |      30 |  0 |   6 |   4 |   8
    59 |      30 |  0 |   4 |   4 |   8
    60 |      30 |  0 |   4 |   4 |   4
    61 |      30 |  0 |   6 |   4 |   6
    62 |      30 |  0 |   5 |   5 |   5
    63 |      30 |  0 |   6 |   3 |   8
    64 |      30 |  0 |   5 |   5 |   5
    65 |      30 |  0 |   4 |   4 |   4
    66 |      30 |  0 |   5 |   5 |   5
    67 |      30 |  0 |   4 |   4 |   4
    68 |      30 |  0 |   3 |   3 |   3
    69 |      30 |  0 |   6 |   6 |   6
    70 |      30 |  0 |   4 |   4 |   4
    71 |      30 |  0 |   5 |   5 |   5
    72 |      30 |  0 |   7 |   7 |   7
    73 |      30 |  0 |   7 |   7 |   7
    74 |      30 |  0 |   4 |   4 |   4
    75 |      30 |  0 |   5 |   4 |   6
    76 |      30 |  0 |   6 |   6 |   6
    77 |      30 |  0 |   6 |   5 |   7
    78 |      30 |  0 |   2 |   2 |   2
    79 |      30 |  0 |   4 |   2 |   4
    80 |      30 |  0 |   2 |   5 |   7
    81 |      30 |  0 |   3 |   3 |   3
    82 |      30 |  0 |   7 |   7 |   7
    83 |      30 |  0 |   5 |   5 |   5
    84 |      30 |  0 |   3 |   3 |   5
    85 |      30 |  0 |   5 |   5 |   5
    86 |      30 |  0 |   5 |   5 |   5
    87 |      30 |  0 |   5 |   5 |   5
    88 |      30 |  0 |   6 |   3 |   7
    89 |      30 |  0 |   7 |   7 |   7
    90 |      30 |  0 |   5 |   3 |   6
    91 |      30 |  0 |   8 |   8 |   8
    92 |      30 |  0 |   6 |   2 |   6
    93 |      30 |  0 |   4 |   4 |   4
    94 |      30 |  0 |   4 |   3 |   7
    95 |      30 |  0 |   6 |   6 |   6
    96 |      30 |  0 |   5 |   7 |   7
    97 |      30 |  0 |   4 |   3 |   6
    98 |      30 |  0 |   5 |   7 |  10
    99 |      30 |  0 |   8 |   8 |   8
   100 |      30 |  0 |   6 |   4 |   7
   101 |      30 |  0 |   6 |   6 |   6
   102 |      30 |  0 |   4 |   4 |   4
   103 |      30 |  0 |   4 |   3 |   4
   104 |      30 |  0 |   5 |   3 |   5
   105 |      30 |  0 |   7 |   7 |   7
   106 |      30 |  0 |   7 |   7 |  11
   107 |      30 |  0 |   5 |   5 |   5
   108 |      30 |  0 |   5 |   3 |   6
   109 |      30 |  0 |   5 |   5 |   5
   110 |      30 |  0 |   3 |   2 |   3
   111 |      30 |  0 |   8 |   5 |  10
   112 |      30 |  0 |   8 |   7 |   8
   113 |      30 |  0 |   4 |   4 |   4
   114 |      30 |  0 |   5 |   4 |   7
   115 |      30 |  0 |   8 |   8 |   8
   116 |      30 |  0 |   6 |   6 |   6
   117 |      30 |  0 |   6 |   6 |   6
   118 |      30 |  0 |   7 |   5 |   7
   119 |      30 |  0 |   3 |   3 |   6
   120 |      30 |  0 |   5 |   5 |   5
   121 |      30 |  0 |   6 |   4 |  10
   122 |      30 |  0 |   5 |   5 |   5
   123 |      30 |  0 |   3 |   2 |   5
   124 |      30 |  0 |   4 |   4 |   4
   125 |      30 |  0 |   7 |   7 |   7
   126 |      30 |  0 |   2 |   2 |   2
   127 |      30 |  0 |   6 |   6 |   6
   128 |      30 |  0 |   5 |   5 |   5
   129 |      30 |  0 |   7 |   7 |   7
   130 |      30 |  0 |   5 |   4 |   7
   131 |      30 |  0 |   6 |   4 |   8
   132 |      30 |  0 |   3 |   3 |   3
   133 |      30 |  0 |   5 |   2 |   6
   134 |      30 |  0 |   4 |   3 |   5
   135 |      30 |  0 |   5 |   5 |   5
   136 |      30 |  0 |   5 |   5 |   5
   137 |      30 |  0 |   6 |   6 |   6
   138 |      30 |  0 |   4 |   4 |   4
   139 |      30 |  0 |   4 |   4 |   4
   140 |      30 |  0 |   5 |   2 |   6
   141 |      30 |  0 |   5 |   5 |   8
   142 |      30 |  0 |   4 |   4 |   7
   143 |      30 |  0 |   4 |   4 |   7
   144 |      30 |  0 |   8 |   8 |   8
   145 |      30 |  0 |   6 |   4 |   8
   146 |      30 |  0 |   4 |   4 |   6
   147 |      30 |  0 |   6 |   6 |   6
   148 |      30 |  0 |   8 |   8 |   8
   149 |      30 |  0 |   6 |   6 |   6
   150 |      30 |  0 |   3 |   3 |   3


============================================================
VALIDAZIONE OUT-OF-SAMPLE
  Scenari: 300 | seme: VALIDATION_SEED=99
  Politica STO: [(70, 99)] (1 archi prenotati)
  Politica EEV: [(70, 97), (70, 99)] (2 archi prenotati)

  Scen |         PI |    STO_val [perc, multa] |    EEV_val [perc, multa]
     1 |        N/A |  1717.1260 [1490.0237, 204.9829] |  1808.8773 [1490.0237, 204.9829]
     2 |        N/A |  1686.1272 [1574.7326, 89.2751] |  1777.8785 [1574.7326, 89.2751]
     3 |        N/A |  1887.1836 [1865.0641, 0.0000] |  1903.5487 [1725.0532, 64.6248]
     4 |        N/A |  1896.4805 [1809.7362, 64.6248] |  1825.4399 [1646.9443, 64.6248]
     5 |        N/A |  2004.6575 [1734.4107, 248.1273] |  1912.9063 [1734.4107, 64.6248]
     6 |        N/A |  1953.8426 [1867.0984, 64.6248] |  1919.0601 [1715.9143, 89.2751]
     7 |        N/A |  1767.7069 [1562.0850, 183.5025] |  1675.9557 [1562.0850, 0.0000]
     8 |        N/A |  1937.6552 [1915.5357, 0.0000] |  2029.4064 [1915.5357, 0.0000]
     9 |        N/A |  1772.2393 [1566.6173, 183.5025] |  1680.4880 [1566.6173, 0.0000]
    10 |        N/A |  2064.0847 [1669.6184, 372.3469] |  1983.1892 [1780.0433, 89.2751]
    11 |        N/A |  1780.8112 [1758.6918, 0.0000] |  1872.5625 [1758.6918, 0.0000]
    12 |        N/A |  1841.3088 [1729.9142, 89.2751] |  1933.0600 [1729.9142, 89.2751]
    13 |        N/A |  1697.4014 [1675.2819, 0.0000] |  1789.1526 [1675.2819, 0.0000]
    14 |        N/A |  1915.4485 [1893.3290, 0.0000] |  2007.1998 [1893.3290, 0.0000]
    15 |        N/A |  1841.5397 [1665.5203, 153.8999] |  1851.7214 [1583.9507, 153.8999]
    16 |        N/A |  1808.4170 [1786.2975, 0.0000] |  1900.1682 [1786.2975, 0.0000]
    17 |        N/A |  1799.2625 [1529.0157, 248.1273] |  1707.5113 [1529.0157, 64.6248]
    18 |        N/A |  1965.7131 [1738.6108, 204.9829] |  1928.9647 [1815.0939, 0.0000]
    19 |        N/A |  1835.8834 [1749.1392, 64.6248] |  1775.5801 [1597.0846, 64.6248]
    20 |        N/A |  1528.0591 [1322.4371, 183.5025] |  1436.3078 [1322.4371, 0.0000]
    21 |        N/A |  1928.9592 [1906.8398, 0.0000] |  1982.7400 [1868.8693, 0.0000]
    22 |        N/A |  1739.8272 [1717.7077, 0.0000] |  1831.5785 [1717.7077, 0.0000]
    23 |        N/A |  1693.0610 [1606.3167, 64.6248] |  1784.8122 [1606.3167, 64.6248]
    24 |        N/A |  1831.7317 [1809.6122, 0.0000] |  1923.4830 [1809.6122, 0.0000]
    25 |        N/A |  1961.7716 [1875.0273, 64.6248] |  2053.5228 [1875.0273, 64.6248]
    26 |        N/A |  1848.1883 [1558.6828, 267.3860] |  1931.1439 [1752.6484, 64.6248]
    27 |        N/A |  2026.4722 [2004.3527, 0.0000] |  2010.0003 [1896.1296, 0.0000]
    28 |        N/A |  1713.0806 [1690.9611, 0.0000] |  1804.8319 [1690.9611, 0.0000]
    29 |        N/A |  1937.0411 [1914.9216, 0.0000] |  2028.7924 [1914.9216, 0.0000]
    30 |        N/A |  2028.5027 [1941.7584, 64.6248] |  2120.2540 [1941.7584, 64.6248]
    31 |        N/A |  1776.6215 [1689.8772, 64.6248] |  1868.3727 [1689.8772, 64.6248]
    32 |        N/A |  1945.7419 [1720.8612, 202.7612] |  2037.4932 [1720.8612, 202.7612]
    33 |        N/A |  1889.9007 [1778.5061, 89.2751] |  1981.6520 [1778.5061, 89.2751]
    34 |        N/A |  1634.1045 [1328.9132, 283.0717] |  1579.9213 [1376.7754, 89.2751]
    35 |        N/A |  1690.2057 [1668.0862, 0.0000] |  1781.9570 [1668.0862, 0.0000]
    36 |        N/A |  1923.2187 [1836.4745, 64.6248] |  2014.9700 [1836.4745, 64.6248]
    37 |        N/A |  2050.0401 [1963.2959, 64.6248] |  2108.9533 [1930.4578, 64.6248]
    38 |        N/A |  1890.2992 [1714.2798, 153.8999] |  1982.0505 [1714.2798, 153.8999]
    39 |        N/A |  1961.8385 [1691.5917, 248.1273] |  1870.0872 [1691.5917, 64.6248]
    40 |        N/A |  1850.6975 [1828.5780, 0.0000] |  1800.7266 [1686.8558, 0.0000]
    41 |        N/A |  1670.1647 [1648.0452, 0.0000] |  1761.9160 [1648.0452, 0.0000]
    42 |        N/A |  1792.8881 [1770.7686, 0.0000] |  1884.6393 [1770.7686, 0.0000]
    43 |        N/A |  1709.4477 [1687.3283, 0.0000] |  1755.7855 [1641.9148, 0.0000]
    44 |        N/A |  1950.1098 [1679.8630, 248.1273] |  1858.3585 [1679.8630, 64.6248]
    45 |        N/A |  1989.0609 [1718.8141, 248.1273] |  1897.3096 [1718.8141, 64.6248]
    46 |        N/A |  1744.8090 [1722.6895, 0.0000] |  1836.5602 [1722.6895, 0.0000]
    47 |        N/A |  1869.6061 [1644.7254, 202.7612] |  1835.0983 [1721.2276, 0.0000]
    48 |        N/A |  1630.8206 [1608.7012, 0.0000] |  1612.8790 [1434.3835, 64.6248]
    49 |        N/A |  1827.8094 [1600.7071, 204.9829] |  1919.5607 [1600.7071, 204.9829]
    50 |        N/A |  1896.3686 [1784.9740, 89.2751] |  1948.1756 [1745.0297, 89.2751]
    51 |        N/A |  1993.5911 [1971.4716, 0.0000] |  1948.2964 [1834.4256, 0.0000]
    52 |        N/A |  1937.0554 [1709.9531, 204.9829] |  1993.8552 [1815.3596, 64.6248]
    53 |        N/A |  1590.0936 [1567.9741, 0.0000] |  1681.8448 [1567.9741, 0.0000]
    54 |        N/A |  1750.3023 [1728.1828, 0.0000] |  1745.5657 [1631.6949, 0.0000]
    55 |        N/A |  1953.1661 [1663.6606, 267.3860] |  1886.5294 [1708.0339, 64.6248]
    56 |        N/A |  2019.7922 [1933.0480, 64.6248] |  1946.2688 [1767.7733, 64.6248]
    57 |        N/A |  1440.9100 [1329.5154, 89.2751] |  1532.6612 [1329.5154, 89.2751]
    58 |        N/A |  1961.6751 [1850.2805, 89.2751] |  1972.6516 [1769.5057, 89.2751]
    59 |        N/A |  1860.5796 [1838.4602, 0.0000] |  1796.0815 [1617.5860, 64.6248]
    60 |        N/A |  1851.8412 [1829.7218, 0.0000] |  1943.5925 [1829.7218, 0.0000]
    61 |        N/A |  1713.6479 [1626.9036, 64.6248] |  1782.5395 [1604.0439, 64.6248]
    62 |        N/A |  1744.9088 [1658.1645, 64.6248] |  1836.6600 [1658.1645, 64.6248]
    63 |        N/A |  1933.2853 [1706.1829, 204.9829] |  1986.2149 [1718.4443, 153.8999]
    64 |        N/A |  1822.1316 [1800.0121, 0.0000] |  1913.8828 [1800.0121, 0.0000]
    65 |        N/A |  1802.1768 [1596.5548, 183.5025] |  1710.4256 [1596.5548, 0.0000]
    66 |        N/A |  1786.6887 [1516.4419, 248.1273] |  1694.9375 [1516.4419, 64.6248]
    67 |        N/A |  1851.3811 [1624.2788, 204.9829] |  1943.1324 [1624.2788, 204.9829]
    68 |        N/A |  1874.1515 [1603.9048, 248.1273] |  1782.4003 [1603.9048, 64.6248]
    69 |        N/A |  1693.1400 [1671.0205, 0.0000] |  1784.8913 [1671.0205, 0.0000]
    70 |        N/A |  1644.2665 [1557.5222, 64.6248] |  1736.0177 [1557.5222, 64.6248]
    71 |        N/A |  1625.8828 [1603.7633, 0.0000] |  1717.6340 [1603.7633, 0.0000]
    72 |        N/A |  1751.1915 [1639.7968, 89.2751] |  1842.9427 [1639.7968, 89.2751]
    73 |        N/A |  1833.5875 [1746.8432, 64.6248] |  1925.3387 [1746.8432, 64.6248]
    74 |        N/A |  1742.0252 [1630.6305, 89.2751] |  1833.7764 [1630.6305, 89.2751]
    75 |        N/A |  1919.3580 [1832.6137, 64.6248] |  1920.7380 [1742.2425, 64.6248]
    76 |        N/A |  1854.3987 [1832.2792, 0.0000] |  1946.1500 [1832.2792, 0.0000]
    77 |        N/A |  1945.5253 [1858.7810, 64.6248] |  1878.9081 [1765.0374, 0.0000]
    78 |        N/A |  1840.4232 [1634.8013, 183.5025] |  1748.6720 [1634.8013, 0.0000]
    79 |        N/A |  1887.8754 [1660.7731, 204.9829] |  1936.1561 [1733.0102, 89.2751]
    80 |        N/A |  1783.3153 [1388.8489, 372.3469] |  1719.3256 [1605.4549, 0.0000]
    81 |        N/A |  1788.3649 [1612.3454, 153.8999] |  1880.1161 [1612.3454, 153.8999]
    82 |        N/A |  1838.6304 [1816.5109, 0.0000] |  1930.3816 [1816.5109, 0.0000]
    83 |        N/A |  1852.2086 [1830.0891, 0.0000] |  1943.9599 [1830.0891, 0.0000]
    84 |        N/A |  1513.8717 [1286.7694, 204.9829] |  1599.6640 [1485.7932, 0.0000]
    85 |        N/A |  1722.8966 [1498.0159, 202.7612] |  1814.6479 [1498.0159, 202.7612]
    86 |        N/A |  1773.4892 [1662.0946, 89.2751] |  1865.2405 [1662.0946, 89.2751]
    87 |        N/A |  1869.0491 [1846.9297, 0.0000] |  1868.8547 [1754.9840, 0.0000]
    88 |        N/A |  1899.1689 [1672.0666, 204.9829] |  1914.3780 [1800.5073, 0.0000]
    89 |        N/A |  1529.5989 [1442.8547, 64.6248] |  1621.3502 [1442.8547, 64.6248]
    90 |        N/A |  2071.7288 [2049.6093, 0.0000] |  2031.6670 [1917.7962, 0.0000]
    91 |        N/A |  1947.2984 [1925.1790, 0.0000] |  2039.0497 [1925.1790, 0.0000]
    92 |        N/A |  1919.6434 [1808.2488, 89.2751] |  1924.3378 [1656.5671, 153.8999]
    93 |        N/A |  1925.9341 [1701.0534, 202.7612] |  2017.6854 [1701.0534, 202.7612]
    94 |        N/A |  1959.5772 [1872.8329, 64.6248] |  1986.0314 [1807.5358, 64.6248]
    95 |        N/A |  1880.3522 [1793.6080, 64.6248] |  1972.1035 [1793.6080, 64.6248]
    96 |        N/A |  1988.8973 [1902.1530, 64.6248] |  1907.3772 [1728.8816, 64.6248]
    97 |        N/A |  1944.6607 [1833.2661, 89.2751] |  1855.7312 [1741.8605, 0.0000]
    98 |        N/A |  2016.2820 [1994.1625, 0.0000] |  1970.0999 [1856.2292, 0.0000]
    99 |        N/A |  1675.5308 [1653.4113, 0.0000] |  1767.2820 [1653.4113, 0.0000]
   100 |        N/A |  1840.4636 [1818.3442, 0.0000] |  1848.2727 [1734.4019, 0.0000]
   101 |        N/A |  1765.7464 [1654.3518, 89.2751] |  1857.4977 [1654.3518, 89.2751]
   102 |        N/A |  1705.7763 [1619.0320, 64.6248] |  1797.5276 [1619.0320, 64.6248]
   103 |        N/A |  1778.0932 [1666.6986, 89.2751] |  1689.1753 [1486.0295, 89.2751]
   104 |        N/A |  1631.7919 [1609.6724, 0.0000] |  1669.7751 [1555.9043, 0.0000]
   105 |        N/A |  1631.6337 [1609.5142, 0.0000] |  1723.3849 [1609.5142, 0.0000]
   106 |        N/A |  1816.1535 [1794.0340, 0.0000] |  1898.4365 [1784.5658, 0.0000]
   107 |        N/A |  1894.0553 [1666.9530, 204.9829] |  1985.8066 [1666.9530, 204.9829]
   108 |        N/A |  1915.2551 [1688.1528, 204.9829] |  2000.4634 [1886.5926, 0.0000]
   109 |        N/A |  1695.2212 [1608.4769, 64.6248] |  1786.9724 [1608.4769, 64.6248]
   110 |        N/A |  1832.3265 [1810.2070, 0.0000] |  1878.6213 [1764.7505, 0.0000]
   111 |        N/A |  2019.9539 [1997.8344, 0.0000] |  1974.9199 [1861.0492, 0.0000]
   112 |        N/A |  1683.4748 [1661.3553, 0.0000] |  1685.5277 [1571.6569, 0.0000]
   113 |        N/A |  1779.0764 [1756.9569, 0.0000] |  1870.8276 [1756.9569, 0.0000]
   114 |        N/A |  1870.7653 [1848.6458, 0.0000] |  1827.5330 [1713.6622, 0.0000]
   115 |        N/A |  1811.8401 [1700.4455, 89.2751] |  1903.5914 [1700.4455, 89.2751]
   116 |        N/A |  1818.0966 [1731.3523, 64.6248] |  1909.8479 [1731.3523, 64.6248]
   117 |        N/A |  1903.8403 [1792.4457, 89.2751] |  1995.5916 [1792.4457, 89.2751]
   118 |        N/A |  1805.0805 [1693.6858, 89.2751] |  1834.0095 [1630.8636, 89.2751]
   119 |        N/A |  1727.3811 [1640.6368, 64.6248] |  1690.2837 [1511.7881, 64.6248]
   120 |        N/A |  1830.8849 [1744.1406, 64.6248] |  1922.6361 [1744.1406, 64.6248]
   121 |        N/A |  1976.1161 [1889.3719, 64.6248] |  1967.4143 [1788.9188, 64.6248]
   122 |        N/A |  1716.2744 [1421.3772, 272.7776] |  1624.5231 [1421.3772, 89.2751]
   123 |        N/A |  1934.3050 [1912.1856, 0.0000] |  1990.4831 [1787.3372, 89.2751]
   124 |        N/A |  1569.0020 [1546.8826, 0.0000] |  1660.7533 [1546.8826, 0.0000]
   125 |        N/A |  1650.5999 [1628.4805, 0.0000] |  1742.3512 [1628.4805, 0.0000]
   126 |        N/A |  1946.5780 [1587.0561, 337.4024] |  1854.8267 [1587.0561, 153.8999]
   127 |        N/A |  1834.7519 [1607.6495, 204.9829] |  1926.5031 [1607.6495, 204.9829]
   128 |        N/A |  1882.4667 [1771.0720, 89.2751] |  1974.2179 [1771.0720, 89.2751]
   129 |        N/A |  1485.8911 [1374.4965, 89.2751] |  1577.6424 [1374.4965, 89.2751]
   130 |        N/A |  1884.9746 [1660.0938, 202.7612] |  1877.9135 [1764.0428, 0.0000]
   131 |        N/A |  1865.9465 [1779.2023, 64.6248] |  1880.5391 [1766.6684, 0.0000]
   132 |        N/A |  1825.4024 [1738.6582, 64.6248] |  1917.1537 [1738.6582, 64.6248]
   133 |        N/A |  1928.2144 [1906.0949, 0.0000] |  1956.2043 [1842.3336, 0.0000]
   134 |        N/A |  1939.0935 [1916.9740, 0.0000] |  1929.0178 [1750.5223, 64.6248]
   135 |        N/A |  1867.1989 [1661.5769, 183.5025] |  1775.4476 [1661.5769, 0.0000]
   136 |        N/A |  1993.4145 [1971.2950, 0.0000] |  2085.1657 [1971.2950, 0.0000]
   137 |        N/A |  1646.8791 [1624.7596, 0.0000] |  1738.6304 [1624.7596, 0.0000]
   138 |        N/A |  1697.6018 [1610.8575, 64.6248] |  1789.3530 [1610.8575, 64.6248]
   139 |        N/A |  1947.6278 [1742.0058, 183.5025] |  1855.8766 [1742.0058, 0.0000]
   140 |        N/A |  1768.2219 [1681.4776, 64.6248] |  1846.5210 [1732.6503, 0.0000]
   141 |        N/A |  1818.6504 [1707.2557, 89.2751] |  1748.5458 [1545.3999, 89.2751]
   142 |        N/A |  1830.0894 [1602.9871, 204.9829] |  1898.8073 [1695.6614, 89.2751]
   143 |        N/A |  1964.4941 [1942.3746, 0.0000] |  1941.4453 [1827.5746, 0.0000]
   144 |        N/A |  1799.4870 [1777.3675, 0.0000] |  1891.2382 [1777.3675, 0.0000]
   145 |        N/A |  1786.5958 [1764.4763, 0.0000] |  1867.9630 [1754.0923, 0.0000]
   146 |        N/A |  1855.8669 [1833.7474, 0.0000] |  1907.6756 [1793.8049, 0.0000]
   147 |        N/A |  1759.4605 [1672.7162, 64.6248] |  1851.2117 [1672.7162, 64.6248]
   148 |        N/A |  1600.0531 [1488.6585, 89.2751] |  1691.8044 [1488.6585, 89.2751]
   149 |        N/A |  1823.0538 [1711.6591, 89.2751] |  1914.8050 [1711.6591, 89.2751]
   150 |        N/A |  1919.8548 [1897.7353, 0.0000] |  2011.6060 [1897.7353, 0.0000]
   151 |        N/A |  1871.4113 [1784.6670, 64.6248] |  1906.0535 [1727.5580, 64.6248]
   152 |        N/A |  1833.9183 [1747.1740, 64.6248] |  1892.3052 [1778.4345, 0.0000]
   153 |        N/A |  1712.8238 [1472.2573, 218.4469] |  1754.2976 [1640.4269, 0.0000]
   154 |        N/A |  1757.3932 [1467.8877, 267.3860] |  1849.1445 [1467.8877, 267.3860]
   155 |        N/A |  1616.6337 [1411.0117, 183.5025] |  1524.8824 [1411.0117, 0.0000]
   156 |        N/A |  2102.8008 [1926.7814, 153.8999] |  2074.6834 [1960.8127, 0.0000]
   157 |        N/A |  1552.2602 [1257.3631, 272.7776] |  1460.5090 [1257.3631, 89.2751]
   158 |        N/A |  1840.3554 [1753.6111, 64.6248] |  1815.2417 [1547.4711, 153.8999]
   159 |        N/A |  1759.1046 [1672.3603, 64.6248] |  1850.8558 [1672.3603, 64.6248]
   160 |        N/A |  1635.5704 [1524.1757, 89.2751] |  1727.3216 [1524.1757, 89.2751]
   161 |        N/A |  1607.7225 [1496.3279, 89.2751] |  1699.4738 [1496.3279, 89.2751]
   162 |        N/A |  2101.0857 [1873.9834, 204.9829] |  2178.7260 [2064.8553, 0.0000]
   163 |        N/A |  1856.7226 [1540.3451, 294.2580] |  1852.0571 [1648.9112, 89.2751]
   164 |        N/A |  1926.2770 [1904.1576, 0.0000] |  1964.9681 [1851.0974, 0.0000]
   165 |        N/A |  1903.6294 [1792.2348, 89.2751] |  1980.3657 [1777.2198, 89.2751]
   166 |        N/A |  1806.0622 [1694.6676, 89.2751] |  1897.8135 [1694.6676, 89.2751]
   167 |        N/A |  1840.1700 [1818.0506, 0.0000] |  1775.9606 [1662.0898, 0.0000]
   168 |        N/A |  1779.4645 [1668.0698, 89.2751] |  1869.2331 [1755.3623, 0.0000]
   169 |        N/A |  1757.7594 [1581.7399, 153.8999] |  1849.5106 [1581.7399, 153.8999]
   170 |        N/A |  1953.3120 [1931.1925, 0.0000] |  1923.7838 [1720.6379, 89.2751]
   171 |        N/A |  1791.5191 [1769.3996, 0.0000] |  1883.2704 [1769.3996, 0.0000]
   172 |        N/A |  2011.1487 [1924.4044, 64.6248] |  1957.1099 [1843.2392, 0.0000]
   173 |        N/A |  1888.9230 [1777.5284, 89.2751] |  1980.6743 [1777.5284, 89.2751]
   174 |        N/A |  1699.5837 [1472.4814, 204.9829] |  1726.7850 [1612.9143, 0.0000]
   175 |        N/A |  1725.1479 [1519.5259, 183.5025] |  1633.3966 [1519.5259, 0.0000]
   176 |        N/A |  1587.8998 [1501.1555, 64.6248] |  1679.6510 [1501.1555, 64.6248]
   177 |        N/A |  1904.1201 [1882.0007, 0.0000] |  1957.9043 [1844.0336, 0.0000]
   178 |        N/A |  1839.0222 [1633.4002, 183.5025] |  1747.2709 [1633.4002, 0.0000]
   179 |        N/A |  2013.2465 [1991.1270, 0.0000] |  2104.9977 [1991.1270, 0.0000]
   180 |        N/A |  2050.0880 [1963.3437, 64.6248] |  2141.8392 [1963.3437, 64.6248]
   181 |        N/A |  1789.2503 [1613.2309, 153.8999] |  1881.0016 [1613.2309, 153.8999]
   182 |        N/A |  1776.4518 [1665.0571, 89.2751] |  1868.2030 [1665.0571, 89.2751]
   183 |        N/A |  1742.9327 [1720.8132, 0.0000] |  1834.6839 [1720.8132, 0.0000]
   184 |        N/A |  1741.3691 [1719.2496, 0.0000] |  1833.1204 [1719.2496, 0.0000]
   185 |        N/A |  1687.3679 [1600.6236, 64.6248] |  1779.1191 [1600.6236, 64.6248]
   186 |        N/A |  1717.4752 [1606.0806, 89.2751] |  1809.2264 [1606.0806, 89.2751]
   187 |        N/A |  1914.5630 [1892.4435, 0.0000] |  2006.3143 [1892.4435, 0.0000]
   188 |        N/A |  1859.0867 [1553.8954, 283.0717] |  1950.8379 [1553.8954, 283.0717]
   189 |        N/A |  2090.0805 [1819.8337, 248.1273] |  1998.3292 [1819.8337, 64.6248]
   190 |        N/A |  1714.1018 [1602.7071, 89.2751] |  1795.4718 [1592.3259, 89.2751]
   191 |        N/A |  1669.0457 [1646.9262, 0.0000] |  1760.7969 [1646.9262, 0.0000]
   192 |        N/A |  1772.4898 [1750.3703, 0.0000] |  1864.2410 [1750.3703, 0.0000]
   193 |        N/A |  1939.0525 [1916.9331, 0.0000] |  2030.8038 [1916.9331, 0.0000]
   194 |        N/A |  1848.3899 [1826.2704, 0.0000] |  1940.1412 [1826.2704, 0.0000]
   195 |        N/A |  1939.4965 [1917.3770, 0.0000] |  2031.2478 [1917.3770, 0.0000]
   196 |        N/A |  1861.4315 [1655.8096, 183.5025] |  1769.6803 [1655.8096, 0.0000]
   197 |        N/A |  1774.1848 [1752.0653, 0.0000] |  1865.9360 [1752.0653, 0.0000]
   198 |        N/A |  1801.4539 [1779.3344, 0.0000] |  1893.2052 [1779.3344, 0.0000]
   199 |        N/A |  1861.3443 [1501.8224, 337.4024] |  1769.5930 [1501.8224, 153.8999]
   200 |        N/A |  1933.3790 [1911.2596, 0.0000] |  1891.0594 [1777.1887, 0.0000]
   201 |        N/A |  1828.4185 [1806.2990, 0.0000] |  1920.1698 [1806.2990, 0.0000]
   202 |        N/A |  1780.3066 [1510.0598, 248.1273] |  1688.5554 [1510.0598, 64.6248]
   203 |        N/A |  1816.3707 [1729.6264, 64.6248] |  1908.1219 [1729.6264, 64.6248]
   204 |        N/A |  1733.2666 [1428.0753, 283.0717] |  1825.0178 [1428.0753, 283.0717]
   205 |        N/A |  1739.0977 [1444.2006, 272.7776] |  1647.3465 [1444.2006, 89.2751]
   206 |        N/A |  1831.8400 [1809.7205, 0.0000] |  1923.5912 [1809.7205, 0.0000]
   207 |        N/A |  1771.1030 [1748.9835, 0.0000] |  1834.1902 [1720.3195, 0.0000]
   208 |        N/A |  1780.5095 [1553.4072, 204.9829] |  1871.1732 [1692.6777, 64.6248]
   209 |        N/A |  1844.7802 [1639.1583, 183.5025] |  1753.0290 [1639.1583, 0.0000]
   210 |        N/A |  2082.5066 [1768.3507, 292.0364] |  2074.9719 [1871.8260, 89.2751]
   211 |        N/A |  1870.3812 [1783.6369, 64.6248] |  1962.1324 [1783.6369, 64.6248]
   212 |        N/A |  1858.7908 [1772.0465, 64.6248] |  1950.5420 [1772.0465, 64.6248]
   213 |        N/A |  1813.1547 [1726.4105, 64.6248] |  1904.9060 [1726.4105, 64.6248]
   214 |        N/A |  1545.3803 [1339.7583, 183.5025] |  1453.6290 [1339.7583, 0.0000]
   215 |        N/A |  1851.9194 [1765.1752, 64.6248] |  1940.7082 [1762.2126, 64.6248]
   216 |        N/A |  2014.1690 [1902.7744, 89.2751] |  2091.6660 [1888.5202, 89.2751]
   217 |        N/A |  1850.4873 [1828.3678, 0.0000] |  1929.2419 [1815.3712, 0.0000]
   218 |        N/A |  1749.5818 [1727.4623, 0.0000] |  1680.3042 [1566.4334, 0.0000]
   219 |        N/A |  1907.6130 [1885.4936, 0.0000] |  1948.4080 [1769.9125, 64.6248]
   220 |        N/A |  1703.6468 [1592.2522, 89.2751] |  1795.3981 [1592.2522, 89.2751]
   221 |        N/A |  1718.8107 [1493.9300, 202.7612] |  1717.8584 [1603.9877, 0.0000]
   222 |        N/A |  1815.4615 [1793.3421, 0.0000] |  1765.5860 [1651.7153, 0.0000]
   223 |        N/A |  1637.6785 [1615.5590, 0.0000] |  1729.4298 [1615.5590, 0.0000]
   224 |        N/A |  1473.7057 [1386.9615, 64.6248] |  1565.4570 [1386.9615, 64.6248]
   225 |        N/A |  1799.2595 [1593.6375, 183.5025] |  1707.5082 [1593.6375, 0.0000]
   226 |        N/A |  1854.5658 [1767.8215, 64.6248] |  1946.3171 [1767.8215, 64.6248]
   227 |        N/A |  1949.4842 [1708.9178, 218.4469] |  2032.1744 [1918.3037, 0.0000]
   228 |        N/A |  1770.7265 [1748.6070, 0.0000] |  1862.4778 [1748.6070, 0.0000]
   229 |        N/A |  1940.3490 [1853.6047, 64.6248] |  1900.8756 [1787.0049, 0.0000]
   230 |        N/A |  1749.0382 [1573.0187, 153.8999] |  1840.7894 [1573.0187, 153.8999]
   231 |        N/A |  1706.9535 [1620.2092, 64.6248] |  1798.7048 [1620.2092, 64.6248]
   232 |        N/A |  1763.3390 [1651.9444, 89.2751] |  1855.0903 [1651.9444, 89.2751]
   233 |        N/A |  1946.8534 [1924.7339, 0.0000] |  1918.7539 [1804.8832, 0.0000]
   234 |        N/A |  1841.5555 [1754.8112, 64.6248] |  1907.2092 [1728.7137, 64.6248]
   235 |        N/A |  2017.8738 [1995.7544, 0.0000] |  2109.6251 [1995.7544, 0.0000]
   236 |        N/A |  1948.7883 [1926.6688, 0.0000] |  2040.5395 [1926.6688, 0.0000]
   237 |        N/A |  1926.0690 [1839.3248, 64.6248] |  1955.2716 [1841.4009, 0.0000]
   238 |        N/A |  1644.9357 [1468.9163, 153.8999] |  1736.6870 [1468.9163, 153.8999]
   239 |        N/A |  1714.4412 [1692.3218, 0.0000] |  1806.1925 [1692.3218, 0.0000]
   240 |        N/A |  1527.0344 [1504.9149, 0.0000] |  1618.7856 [1504.9149, 0.0000]
   241 |        N/A |  1872.8408 [1645.7385, 204.9829] |  1964.5921 [1645.7385, 204.9829]
   242 |        N/A |  1871.5971 [1849.4776, 0.0000] |  1913.2625 [1710.1167, 89.2751]
   243 |        N/A |  1882.7578 [1612.5110, 248.1273] |  1791.0065 [1612.5110, 64.6248]
   244 |        N/A |  1675.7329 [1499.7134, 153.8999] |  1692.2055 [1424.4348, 153.8999]
   245 |        N/A |  1972.7342 [1885.9899, 64.6248] |  2064.4854 [1885.9899, 64.6248]
   246 |        N/A |  1790.7314 [1703.9872, 64.6248] |  1859.7774 [1656.6316, 89.2751]
   247 |        N/A |  1789.0109 [1766.8914, 0.0000] |  1880.7622 [1766.8914, 0.0000]
   248 |        N/A |  1808.9555 [1786.8361, 0.0000] |  1900.7068 [1786.8361, 0.0000]
   249 |        N/A |  1558.9053 [1536.7859, 0.0000] |  1650.6566 [1536.7859, 0.0000]
   250 |        N/A |  1875.1925 [1763.7978, 89.2751] |  1958.9234 [1755.7775, 89.2751]
   251 |        N/A |  1859.4448 [1772.7005, 64.6248] |  1951.1960 [1772.7005, 64.6248]
   252 |        N/A |  1766.2304 [1744.1110, 0.0000] |  1857.9817 [1744.1110, 0.0000]
   253 |        N/A |  1893.1188 [1806.3746, 64.6248] |  1853.0281 [1649.8822, 89.2751]
   254 |        N/A |  1891.5705 [1869.4510, 0.0000] |  1904.9142 [1791.0435, 0.0000]
   255 |        N/A |  1632.3957 [1610.2762, 0.0000] |  1724.1470 [1610.2762, 0.0000]
   256 |        N/A |  1785.2823 [1698.5380, 64.6248] |  1788.0032 [1674.1325, 0.0000]
   257 |        N/A |  1822.4989 [1597.6182, 202.7612] |  1868.5084 [1754.6377, 0.0000]
   258 |        N/A |  1879.2295 [1857.1100, 0.0000] |  1873.0065 [1759.1358, 0.0000]
   259 |        N/A |  2018.7662 [1996.6467, 0.0000] |  2110.5174 [1996.6467, 0.0000]
   260 |        N/A |  1799.6164 [1777.4969, 0.0000] |  1891.3676 [1777.4969, 0.0000]
   261 |        N/A |  1912.8553 [1890.7359, 0.0000] |  2004.6066 [1890.7359, 0.0000]
   262 |        N/A |  1871.0874 [1848.9679, 0.0000] |  1786.7000 [1672.8293, 0.0000]
   263 |        N/A |  1843.9723 [1757.2280, 64.6248] |  1810.9440 [1632.4485, 64.6248]
   264 |        N/A |  1741.7418 [1719.6223, 0.0000] |  1833.4931 [1719.6223, 0.0000]
   265 |        N/A |  1823.3909 [1647.3715, 153.8999] |  1915.1422 [1647.3715, 153.8999]
   266 |        N/A |  1844.9795 [1668.9601, 153.8999] |  1936.7308 [1668.9601, 153.8999]
   267 |        N/A |  1777.3653 [1601.3459, 153.8999] |  1869.1166 [1601.3459, 153.8999]
   268 |        N/A |  1705.2377 [1683.1182, 0.0000] |  1796.9889 [1683.1182, 0.0000]
   269 |        N/A |  1894.9531 [1535.4312, 337.4024] |  1803.2019 [1535.4312, 153.8999]
   270 |        N/A |  1745.5798 [1431.4239, 292.0364] |  1837.3310 [1431.4239, 292.0364]
   271 |        N/A |  1817.7315 [1795.6120, 0.0000] |  1909.4827 [1795.6120, 0.0000]
   272 |        N/A |  1566.3955 [1544.2760, 0.0000] |  1658.1467 [1544.2760, 0.0000]
   273 |        N/A |  1871.9396 [1785.1953, 64.6248] |  1963.6908 [1785.1953, 64.6248]
   274 |        N/A |  1822.0880 [1735.3437, 64.6248] |  1855.6970 [1652.5511, 89.2751]
   275 |        N/A |  1871.0519 [1848.9324, 0.0000] |  1878.6231 [1764.7523, 0.0000]
   276 |        N/A |  1766.4092 [1679.6650, 64.6248] |  1858.1605 [1679.6650, 64.6248]
   277 |        N/A |  1874.5147 [1852.3952, 0.0000] |  1966.2660 [1852.3952, 0.0000]
   278 |        N/A |  2100.7482 [2078.6287, 0.0000] |  2012.0138 [1898.1431, 0.0000]
   279 |        N/A |  1911.8184 [1641.5717, 248.1273] |  1820.0672 [1641.5717, 64.6248]
   280 |        N/A |  1964.2917 [1877.5474, 64.6248] |  2056.0429 [1877.5474, 64.6248]
   281 |        N/A |  1753.0755 [1666.3312, 64.6248] |  1844.8267 [1666.3312, 64.6248]
   282 |        N/A |  1780.8353 [1510.5885, 248.1273] |  1689.0840 [1510.5885, 64.6248]
   283 |        N/A |  1784.4931 [1762.3736, 0.0000] |  1874.7181 [1760.8474, 0.0000]
   284 |        N/A |  1719.0726 [1632.3284, 64.6248] |  1810.8239 [1632.3284, 64.6248]
   285 |        N/A |  1658.1459 [1433.2651, 202.7612] |  1667.6831 [1553.8124, 0.0000]
   286 |        N/A |  1722.1814 [1610.7868, 89.2751] |  1813.9326 [1610.7868, 89.2751]
   287 |        N/A |  1659.6732 [1548.2786, 89.2751] |  1751.4245 [1548.2786, 89.2751]
   288 |        N/A |  1652.3007 [1565.5564, 64.6248] |  1744.0519 [1565.5564, 64.6248]
   289 |        N/A |  1859.6415 [1772.8972, 64.6248] |  1951.3928 [1772.8972, 64.6248]
   290 |        N/A |  2022.9534 [1936.2091, 64.6248] |  2114.7046 [1936.2091, 64.6248]
   291 |        N/A |  1832.6773 [1721.2826, 89.2751] |  1924.4285 [1721.2826, 89.2751]
   292 |        N/A |  1848.1819 [1826.0625, 0.0000] |  1816.1833 [1702.3126, 0.0000]
   293 |        N/A |  1756.0394 [1669.2951, 64.6248] |  1847.7907 [1669.2951, 64.6248]
   294 |        N/A |  1937.6360 [1826.2414, 89.2751] |  1951.2027 [1748.0569, 89.2751]
   295 |        N/A |  1882.2394 [1860.1199, 0.0000] |  1973.9906 [1860.1199, 0.0000]
   296 |        N/A |  1781.4924 [1387.0260, 372.3469] |  1873.2436 [1387.0260, 372.3469]
   297 |        N/A |  1842.7229 [1617.8422, 202.7612] |  1777.4856 [1663.6149, 0.0000]
   298 |        N/A |  1836.1513 [1630.5293, 183.5025] |  1744.4000 [1630.5293, 0.0000]
   299 |        N/A |  1728.6303 [1503.7496, 202.7612] |  1820.3816 [1503.7496, 202.7612]
   300 |        N/A |  1717.5237 [1541.5043, 153.8999] |  1711.2199 [1443.4492, 153.8999]

  MEDIE VALIDAZIONE OUT-OF-SAMPLE
  PI_val  = 0.0000
  STO_val = 1820.4426  (politica x_sto applicata out-of-sample)
  EEV_val = 1859.6566  (politica x_ev  applicata out-of-sample)
  VSS_val = EEV_val - STO_val = 39.2141 (2.1087%)
  Gap PI-STO_val = nan%
============================================================

IMPATTO ARCHI CASUALI - VALIDAZIONE
  Scenari analizzati = 300
  Estrazioni casuali totali scenario-specifiche = 9000
  Archi casuali distinti = 92

  Conteggio degli archi casuali che compaiono nei tour
  PI : distinti usati almeno una volta = 0/92 (0.00%) | occorrenze scenario-specifiche = 0/9000 (0.00%)
  STO: distinti usati almeno una volta = 91/92 (98.91%) | occorrenze scenario-specifiche = 1535/9000 (17.06%)
  EEV: distinti usati almeno una volta = 92/92 (100.00%) | occorrenze scenario-specifiche = 1406/9000 (15.62%)
  ANY: distinti usati in almeno un tour PI/STO/EEV = 92/92 (100.00%) | occorrenze scenario-specifiche = 1718/9000 (19.09%)

  Dettaglio per scenario: sid | casuali | PI | STO | EEV | ANY
     1 |      30 |  0 |   4 |   4 |   4
     2 |      30 |  0 |   5 |   5 |   5
     3 |      30 |  0 |   5 |   3 |   7
     4 |      30 |  0 |   5 |   5 |   6
     5 |      30 |  0 |   3 |   3 |   3
     6 |      30 |  0 |   4 |   6 |   9
     7 |      30 |  0 |   7 |   7 |   7
     8 |      30 |  0 |   6 |   6 |   6
     9 |      30 |  0 |   3 |   3 |   3
    10 |      30 |  0 |   4 |   4 |   7
    11 |      30 |  0 |   6 |   6 |   6
    12 |      30 |  0 |   4 |   4 |   4
    13 |      30 |  0 |   6 |   6 |   6
    14 |      30 |  0 |   7 |   7 |   7
    15 |      30 |  0 |   7 |   4 |   8
    16 |      30 |  0 |   5 |   5 |   5
    17 |      30 |  0 |   4 |   4 |   4
    18 |      30 |  0 |   8 |   5 |  11
    19 |      30 |  0 |   4 |   3 |   4
    20 |      30 |  0 |   5 |   5 |   5
    21 |      30 |  0 |   7 |   4 |   7
    22 |      30 |  0 |   7 |   7 |   7
    23 |      30 |  0 |   3 |   3 |   3
    24 |      30 |  0 |   7 |   7 |   7
    25 |      30 |  0 |   6 |   6 |   6
    26 |      30 |  0 |   3 |   2 |   3
    27 |      30 |  0 |   4 |   3 |   5
    28 |      30 |  0 |   4 |   4 |   4
    29 |      30 |  0 |   7 |   7 |   7
    30 |      30 |  0 |   7 |   7 |   7
    31 |      30 |  0 |   6 |   6 |   6
    32 |      30 |  0 |   7 |   7 |   7
    33 |      30 |  0 |   4 |   4 |   4
    34 |      30 |  0 |   5 |   5 |   6
    35 |      30 |  0 |   5 |   5 |   5
    36 |      30 |  0 |   3 |   3 |   3
    37 |      30 |  0 |   5 |   4 |   8
    38 |      30 |  0 |   3 |   3 |   3
    39 |      30 |  0 |   7 |   7 |   7
    40 |      30 |  0 |   6 |   5 |   6
    41 |      30 |  0 |   6 |   6 |   6
    42 |      30 |  0 |   6 |   6 |   6
    43 |      30 |  0 |   4 |   5 |   6
    44 |      30 |  0 |   3 |   3 |   3
    45 |      30 |  0 |   2 |   2 |   2
    46 |      30 |  0 |   5 |   5 |   5
    47 |      30 |  0 |   6 |   4 |   6
    48 |      30 |  0 |   6 |   4 |   7
    49 |      30 |  0 |   7 |   7 |   7
    50 |      30 |  0 |   7 |   5 |  10
    51 |      30 |  0 |   3 |   3 |   4
    52 |      30 |  0 |   6 |   4 |   9
    53 |      30 |  0 |   6 |   6 |   6
    54 |      30 |  0 |   3 |   5 |   7
    55 |      30 |  0 |   6 |   5 |   6
    56 |      30 |  0 |   4 |   4 |   6
    57 |      30 |  0 |   6 |   6 |   6
    58 |      30 |  0 |   6 |   4 |   8
    59 |      30 |  0 |   4 |   4 |   8
    60 |      30 |  0 |   4 |   4 |   4
    61 |      30 |  0 |   6 |   4 |   6
    62 |      30 |  0 |   5 |   5 |   5
    63 |      30 |  0 |   6 |   3 |   8
    64 |      30 |  0 |   5 |   5 |   5
    65 |      30 |  0 |   4 |   4 |   4
    66 |      30 |  0 |   5 |   5 |   5
    67 |      30 |  0 |   4 |   4 |   4
    68 |      30 |  0 |   3 |   3 |   3
    69 |      30 |  0 |   6 |   6 |   6
    70 |      30 |  0 |   4 |   4 |   4
    71 |      30 |  0 |   5 |   5 |   5
    72 |      30 |  0 |   7 |   7 |   7
    73 |      30 |  0 |   7 |   7 |   7
    74 |      30 |  0 |   4 |   4 |   4
    75 |      30 |  0 |   5 |   4 |   6
    76 |      30 |  0 |   6 |   6 |   6
    77 |      30 |  0 |   6 |   5 |   7
    78 |      30 |  0 |   2 |   2 |   2
    79 |      30 |  0 |   4 |   2 |   4
    80 |      30 |  0 |   2 |   5 |   7
    81 |      30 |  0 |   3 |   3 |   3
    82 |      30 |  0 |   7 |   7 |   7
    83 |      30 |  0 |   5 |   5 |   5
    84 |      30 |  0 |   3 |   3 |   5
    85 |      30 |  0 |   5 |   5 |   5
    86 |      30 |  0 |   5 |   5 |   5
    87 |      30 |  0 |   5 |   5 |   5
    88 |      30 |  0 |   6 |   3 |   7
    89 |      30 |  0 |   7 |   7 |   7
    90 |      30 |  0 |   5 |   3 |   6
    91 |      30 |  0 |   8 |   8 |   8
    92 |      30 |  0 |   6 |   2 |   6
    93 |      30 |  0 |   4 |   4 |   4
    94 |      30 |  0 |   4 |   3 |   7
    95 |      30 |  0 |   6 |   6 |   6
    96 |      30 |  0 |   5 |   7 |   7
    97 |      30 |  0 |   4 |   3 |   6
    98 |      30 |  0 |   5 |   7 |  10
    99 |      30 |  0 |   8 |   8 |   8
   100 |      30 |  0 |   6 |   4 |   7
   101 |      30 |  0 |   6 |   6 |   6
   102 |      30 |  0 |   4 |   4 |   4
   103 |      30 |  0 |   4 |   3 |   4
   104 |      30 |  0 |   5 |   3 |   5
   105 |      30 |  0 |   7 |   7 |   7
   106 |      30 |  0 |   7 |   7 |  11
   107 |      30 |  0 |   5 |   5 |   5
   108 |      30 |  0 |   5 |   3 |   6
   109 |      30 |  0 |   5 |   5 |   5
   110 |      30 |  0 |   3 |   2 |   3
   111 |      30 |  0 |   8 |   5 |  10
   112 |      30 |  0 |   8 |   7 |   8
   113 |      30 |  0 |   4 |   4 |   4
   114 |      30 |  0 |   5 |   4 |   7
   115 |      30 |  0 |   8 |   8 |   8
   116 |      30 |  0 |   6 |   6 |   6
   117 |      30 |  0 |   6 |   6 |   6
   118 |      30 |  0 |   7 |   5 |   7
   119 |      30 |  0 |   3 |   3 |   6
   120 |      30 |  0 |   5 |   5 |   5
   121 |      30 |  0 |   6 |   4 |  10
   122 |      30 |  0 |   5 |   5 |   5
   123 |      30 |  0 |   3 |   2 |   5
   124 |      30 |  0 |   4 |   4 |   4
   125 |      30 |  0 |   7 |   7 |   7
   126 |      30 |  0 |   2 |   2 |   2
   127 |      30 |  0 |   6 |   6 |   6
   128 |      30 |  0 |   5 |   5 |   5
   129 |      30 |  0 |   7 |   7 |   7
   130 |      30 |  0 |   5 |   4 |   7
   131 |      30 |  0 |   6 |   4 |   8
   132 |      30 |  0 |   3 |   3 |   3
   133 |      30 |  0 |   5 |   2 |   6
   134 |      30 |  0 |   4 |   3 |   5
   135 |      30 |  0 |   5 |   5 |   5
   136 |      30 |  0 |   5 |   5 |   5
   137 |      30 |  0 |   6 |   6 |   6
   138 |      30 |  0 |   4 |   4 |   4
   139 |      30 |  0 |   4 |   4 |   4
   140 |      30 |  0 |   5 |   2 |   6
   141 |      30 |  0 |   5 |   5 |   8
   142 |      30 |  0 |   4 |   4 |   7
   143 |      30 |  0 |   4 |   4 |   7
   144 |      30 |  0 |   8 |   8 |   8
   145 |      30 |  0 |   6 |   4 |   8
   146 |      30 |  0 |   4 |   4 |   6
   147 |      30 |  0 |   6 |   6 |   6
   148 |      30 |  0 |   8 |   8 |   8
   149 |      30 |  0 |   6 |   6 |   6
   150 |      30 |  0 |   3 |   3 |   3
   151 |      30 |  0 |   4 |   3 |   4
   152 |      30 |  0 |   5 |   5 |   8
   153 |      30 |  0 |   5 |   4 |   7
   154 |      30 |  0 |   5 |   5 |   5
   155 |      30 |  0 |   5 |   5 |   5
   156 |      30 |  0 |   3 |   2 |   5
   157 |      30 |  0 |   4 |   4 |   4
   158 |      30 |  0 |   7 |   3 |   8
   159 |      30 |  0 |   3 |   3 |   3
   160 |      30 |  0 |   4 |   4 |   4
   161 |      30 |  0 |   4 |   4 |   4
   162 |      30 |  0 |   4 |   3 |   7
   163 |      30 |  0 |   7 |   7 |   8
   164 |      30 |  0 |   6 |   4 |   6
   165 |      30 |  0 |   4 |   3 |   6
   166 |      30 |  0 |   4 |   4 |   4
   167 |      30 |  0 |   5 |   5 |   7
   168 |      30 |  0 |   6 |   4 |   6
   169 |      30 |  0 |   4 |   4 |   4
   170 |      30 |  0 |   5 |   4 |   7
   171 |      30 |  0 |   5 |   5 |   5
   172 |      30 |  0 |   6 |   5 |   8
   173 |      30 |  0 |   4 |   4 |   4
   174 |      30 |  0 |   5 |   4 |   6
   175 |      30 |  0 |   6 |   6 |   6
   176 |      30 |  0 |   7 |   7 |   7
   177 |      30 |  0 |   4 |   3 |   4
   178 |      30 |  0 |   5 |   5 |   5
   179 |      30 |  0 |   3 |   3 |   3
   180 |      30 |  0 |   5 |   5 |   5
   181 |      30 |  0 |   3 |   3 |   3
   182 |      30 |  0 |   5 |   5 |   5
   183 |      30 |  0 |   4 |   4 |   4
   184 |      30 |  0 |   4 |   4 |   4
   185 |      30 |  0 |   3 |   3 |   3
   186 |      30 |  0 |   7 |   7 |   7
   187 |      30 |  0 |   5 |   5 |   5
   188 |      30 |  0 |   6 |   6 |   6
   189 |      30 |  0 |   3 |   3 |   3
   190 |      30 |  0 |   7 |   6 |   8
   191 |      30 |  0 |   4 |   4 |   4
   192 |      30 |  0 |   5 |   5 |   5
   193 |      30 |  0 |   5 |   5 |   5
   194 |      30 |  0 |   5 |   5 |   5
   195 |      30 |  0 |   6 |   6 |   6
   196 |      30 |  0 |   4 |   4 |   4
   197 |      30 |  0 |   4 |   4 |   4
   198 |      30 |  0 |   6 |   6 |   6
   199 |      30 |  0 |   6 |   6 |   6
   200 |      30 |  0 |   6 |   6 |   9
   201 |      30 |  0 |   6 |   6 |   6
   202 |      30 |  0 |   2 |   2 |   2
   203 |      30 |  0 |   5 |   5 |   5
   204 |      30 |  0 |   4 |   4 |   4
   205 |      30 |  0 |   5 |   5 |   5
   206 |      30 |  0 |   4 |   4 |   4
   207 |      30 |  0 |   5 |   5 |   7
   208 |      30 |  0 |   8 |   5 |  10
   209 |      30 |  0 |   3 |   3 |   3
   210 |      30 |  0 |   4 |   3 |   4
   211 |      30 |  0 |   7 |   7 |   7
   212 |      30 |  0 |   4 |   4 |   4
   213 |      30 |  0 |   4 |   4 |   4
   214 |      30 |  0 |   7 |   7 |   7
   215 |      30 |  0 |   6 |   3 |   6
   216 |      30 |  0 |   4 |   4 |   7
   217 |      30 |  0 |   5 |   4 |   6
   218 |      30 |  0 |   6 |   4 |   6
   219 |      30 |  0 |   5 |   3 |   7
   220 |      30 |  0 |   6 |   6 |   6
   221 |      30 |  0 |   5 |   4 |   5
   222 |      30 |  0 |   6 |   6 |   7
   223 |      30 |  0 |   8 |   8 |   8
   224 |      30 |  0 |   5 |   5 |   5
   225 |      30 |  0 |   4 |   4 |   4
   226 |      30 |  0 |   4 |   4 |   4
   227 |      30 |  0 |   4 |   5 |   7
   228 |      30 |  0 |   5 |   5 |   5
   229 |      30 |  0 |   5 |   3 |   7
   230 |      30 |  0 |   5 |   5 |   5
   231 |      30 |  0 |   5 |   5 |   5
   232 |      30 |  0 |   3 |   3 |   3
   233 |      30 |  0 |   7 |   5 |   8
   234 |      30 |  0 |   5 |   3 |   8
   235 |      30 |  0 |   3 |   3 |   3
   236 |      30 |  0 |   3 |   3 |   3
   237 |      30 |  0 |   5 |   5 |   7
   238 |      30 |  0 |   6 |   6 |   6
   239 |      30 |  0 |   3 |   3 |   3
   240 |      30 |  0 |   5 |   5 |   5
   241 |      30 |  0 |   4 |   4 |   4
   242 |      30 |  0 |   4 |   3 |   6
   243 |      30 |  0 |   5 |   5 |   5
   244 |      30 |  0 |   5 |   2 |   5
   245 |      30 |  0 |   5 |   5 |   5
   246 |      30 |  0 |   5 |   4 |   7
   247 |      30 |  0 |   4 |   4 |   4
   248 |      30 |  0 |   7 |   7 |   7
   249 |      30 |  0 |   6 |   6 |   6
   250 |      30 |  0 |   5 |   1 |   5
   251 |      30 |  0 |   6 |   6 |   6
   252 |      30 |  0 |   6 |   6 |   6
   253 |      30 |  0 |   6 |   3 |   7
   254 |      30 |  0 |   5 |   3 |   7
   255 |      30 |  0 |   5 |   5 |   5
   256 |      30 |  0 |   6 |   5 |  10
   257 |      30 |  0 |   6 |   6 |   8
   258 |      30 |  0 |   5 |   4 |   7
   259 |      30 |  0 |   6 |   6 |   6
   260 |      30 |  0 |   5 |   5 |   5
   261 |      30 |  0 |   6 |   6 |   6
   262 |      30 |  0 |   7 |   6 |  10
   263 |      30 |  0 |   5 |   3 |   6
   264 |      30 |  0 |   7 |   7 |   7
   265 |      30 |  0 |   5 |   5 |   5
   266 |      30 |  0 |   6 |   6 |   6
   267 |      30 |  0 |   5 |   5 |   5
   268 |      30 |  0 |   5 |   5 |   5
   269 |      30 |  0 |   3 |   3 |   3
   270 |      30 |  0 |   4 |   4 |   4
   271 |      30 |  0 |   5 |   5 |   5
   272 |      30 |  0 |   6 |   6 |   6
   273 |      30 |  0 |   6 |   6 |   6
   274 |      30 |  0 |   5 |   3 |   8
   275 |      30 |  0 |   5 |   4 |   8
   276 |      30 |  0 |   5 |   5 |   5
   277 |      30 |  0 |   5 |   5 |   5
   278 |      30 |  0 |   4 |   4 |   7
   279 |      30 |  0 |   7 |   7 |   7
   280 |      30 |  0 |   5 |   5 |   5
   281 |      30 |  0 |   7 |   7 |   7
   282 |      30 |  0 |   5 |   5 |   5
   283 |      30 |  0 |   6 |   4 |   6
   284 |      30 |  0 |   8 |   8 |   8
   285 |      30 |  0 |   3 |   3 |   3
   286 |      30 |  0 |   7 |   7 |   7
   287 |      30 |  0 |   8 |   8 |   8
   288 |      30 |  0 |   7 |   7 |   7
   289 |      30 |  0 |   5 |   5 |   5
   290 |      30 |  0 |   6 |   6 |   6
   291 |      30 |  0 |   5 |   5 |   5
   292 |      30 |  0 |   3 |   3 |   3
   293 |      30 |  0 |   7 |   7 |   7
   294 |      30 |  0 |   5 |   4 |   7
   295 |      30 |  0 |   8 |   8 |   8
   296 |      30 |  0 |   5 |   5 |   5
   297 |      30 |  0 |   2 |   2 |   2
   298 |      30 |  0 |   3 |   3 |   3
   299 |      30 |  0 |   6 |   6 |   6
   300 |      30 |  0 |   6 |   3 |   6


============================================================
VALIDAZIONE OUT-OF-SAMPLE
  Scenari: 300 | seme: VALIDATION_SEED=99
  Politica STO: [(70, 99)] (1 archi prenotati)
  Politica EEV: [(70, 97), (70, 99)] (2 archi prenotati)

  Scen |         PI |    STO_val [perc, multa] |    EEV_val [perc, multa]
     1 |        N/A |  1717.1260 [1490.0237, 204.9829] |  1808.8773 [1490.0237, 204.9829]
     2 |        N/A |  1686.1272 [1574.7326, 89.2751] |  1777.8785 [1574.7326, 89.2751]
     3 |        N/A |  1887.1836 [1865.0641, 0.0000] |  1903.5487 [1725.0532, 64.6248]
     4 |        N/A |  1896.4805 [1809.7362, 64.6248] |  1825.4399 [1646.9443, 64.6248]
     5 |        N/A |  2004.6575 [1734.4107, 248.1273] |  1912.9063 [1734.4107, 64.6248]
     6 |        N/A |  1953.8426 [1867.0984, 64.6248] |  1919.0601 [1715.9143, 89.2751]
     7 |        N/A |  1767.7069 [1562.0850, 183.5025] |  1675.9557 [1562.0850, 0.0000]
     8 |        N/A |  1937.6552 [1915.5357, 0.0000] |  2029.4064 [1915.5357, 0.0000]
     9 |        N/A |  1772.2393 [1566.6173, 183.5025] |  1680.4880 [1566.6173, 0.0000]
    10 |        N/A |  2064.0847 [1669.6184, 372.3469] |  1983.1892 [1780.0433, 89.2751]
    11 |        N/A |  1780.8112 [1758.6918, 0.0000] |  1872.5625 [1758.6918, 0.0000]
    12 |        N/A |  1841.3088 [1729.9142, 89.2751] |  1933.0600 [1729.9142, 89.2751]
    13 |        N/A |  1697.4014 [1675.2819, 0.0000] |  1789.1526 [1675.2819, 0.0000]
    14 |        N/A |  1915.4485 [1893.3290, 0.0000] |  2007.1998 [1893.3290, 0.0000]
    15 |        N/A |  1841.5397 [1665.5203, 153.8999] |  1851.7214 [1583.9507, 153.8999]
    16 |        N/A |  1808.4170 [1786.2975, 0.0000] |  1900.1682 [1786.2975, 0.0000]
    17 |        N/A |  1799.2625 [1529.0157, 248.1273] |  1707.5113 [1529.0157, 64.6248]
    18 |        N/A |  1965.7131 [1738.6108, 204.9829] |  1928.9647 [1815.0939, 0.0000]
    19 |        N/A |  1835.8834 [1749.1392, 64.6248] |  1775.5801 [1597.0846, 64.6248]
    20 |        N/A |  1528.0591 [1322.4371, 183.5025] |  1436.3078 [1322.4371, 0.0000]
    21 |        N/A |  1928.9592 [1906.8398, 0.0000] |  1982.7400 [1868.8693, 0.0000]
    22 |        N/A |  1739.8272 [1717.7077, 0.0000] |  1831.5785 [1717.7077, 0.0000]
    23 |        N/A |  1693.0610 [1606.3167, 64.6248] |  1784.8122 [1606.3167, 64.6248]
    24 |        N/A |  1831.7317 [1809.6122, 0.0000] |  1923.4830 [1809.6122, 0.0000]
    25 |        N/A |  1961.7716 [1875.0273, 64.6248] |  2053.5228 [1875.0273, 64.6248]
    26 |        N/A |  1848.1883 [1558.6828, 267.3860] |  1931.1439 [1752.6484, 64.6248]
    27 |        N/A |  2026.4722 [2004.3527, 0.0000] |  2010.0003 [1896.1296, 0.0000]
    28 |        N/A |  1713.0806 [1690.9611, 0.0000] |  1804.8319 [1690.9611, 0.0000]
    29 |        N/A |  1937.0411 [1914.9216, 0.0000] |  2028.7924 [1914.9216, 0.0000]
    30 |        N/A |  2028.5027 [1941.7584, 64.6248] |  2120.2540 [1941.7584, 64.6248]
    31 |        N/A |  1776.6215 [1689.8772, 64.6248] |  1868.3727 [1689.8772, 64.6248]
    32 |        N/A |  1945.7419 [1720.8612, 202.7612] |  2037.4932 [1720.8612, 202.7612]
    33 |        N/A |  1889.9007 [1778.5061, 89.2751] |  1981.6520 [1778.5061, 89.2751]
    34 |        N/A |  1634.1045 [1328.9132, 283.0717] |  1579.9213 [1376.7754, 89.2751]
    35 |        N/A |  1690.2057 [1668.0862, 0.0000] |  1781.9570 [1668.0862, 0.0000]
    36 |        N/A |  1923.2187 [1836.4745, 64.6248] |  2014.9700 [1836.4745, 64.6248]
    37 |        N/A |  2050.0401 [1963.2959, 64.6248] |  2108.9533 [1930.4578, 64.6248]
    38 |        N/A |  1890.2992 [1714.2798, 153.8999] |  1982.0505 [1714.2798, 153.8999]
    39 |        N/A |  1961.8385 [1691.5917, 248.1273] |  1870.0872 [1691.5917, 64.6248]
    40 |        N/A |  1850.6975 [1828.5780, 0.0000] |  1800.7266 [1686.8558, 0.0000]
    41 |        N/A |  1670.1647 [1648.0452, 0.0000] |  1761.9160 [1648.0452, 0.0000]
    42 |        N/A |  1792.8881 [1770.7686, 0.0000] |  1884.6393 [1770.7686, 0.0000]
    43 |        N/A |  1709.4477 [1687.3283, 0.0000] |  1755.7855 [1641.9148, 0.0000]
    44 |        N/A |  1950.1098 [1679.8630, 248.1273] |  1858.3585 [1679.8630, 64.6248]
    45 |        N/A |  1989.0609 [1718.8141, 248.1273] |  1897.3096 [1718.8141, 64.6248]
    46 |        N/A |  1744.8090 [1722.6895, 0.0000] |  1836.5602 [1722.6895, 0.0000]
    47 |        N/A |  1869.6061 [1644.7254, 202.7612] |  1835.0983 [1721.2276, 0.0000]
    48 |        N/A |  1630.8206 [1608.7012, 0.0000] |  1612.8790 [1434.3835, 64.6248]
    49 |        N/A |  1827.8094 [1600.7071, 204.9829] |  1919.5607 [1600.7071, 204.9829]
    50 |        N/A |  1896.3686 [1784.9740, 89.2751] |  1948.1756 [1745.0297, 89.2751]
    51 |        N/A |  1993.5911 [1971.4716, 0.0000] |  1948.2964 [1834.4256, 0.0000]
    52 |        N/A |  1937.0554 [1709.9531, 204.9829] |  1993.8552 [1815.3596, 64.6248]
    53 |        N/A |  1590.0936 [1567.9741, 0.0000] |  1681.8448 [1567.9741, 0.0000]
    54 |        N/A |  1750.3023 [1728.1828, 0.0000] |  1745.5657 [1631.6949, 0.0000]
    55 |        N/A |  1953.1661 [1663.6606, 267.3860] |  1886.5294 [1708.0339, 64.6248]
    56 |        N/A |  2019.7922 [1933.0480, 64.6248] |  1946.2688 [1767.7733, 64.6248]
    57 |        N/A |  1440.9100 [1329.5154, 89.2751] |  1532.6612 [1329.5154, 89.2751]
    58 |        N/A |  1961.6751 [1850.2805, 89.2751] |  1972.6516 [1769.5057, 89.2751]
    59 |        N/A |  1860.5796 [1838.4602, 0.0000] |  1796.0815 [1617.5860, 64.6248]
    60 |        N/A |  1851.8412 [1829.7218, 0.0000] |  1943.5925 [1829.7218, 0.0000]
    61 |        N/A |  1713.6479 [1626.9036, 64.6248] |  1782.5395 [1604.0439, 64.6248]
    62 |        N/A |  1744.9088 [1658.1645, 64.6248] |  1836.6600 [1658.1645, 64.6248]
    63 |        N/A |  1933.2853 [1706.1829, 204.9829] |  1986.2149 [1718.4443, 153.8999]
    64 |        N/A |  1822.1316 [1800.0121, 0.0000] |  1913.8828 [1800.0121, 0.0000]
    65 |        N/A |  1802.1768 [1596.5548, 183.5025] |  1710.4256 [1596.5548, 0.0000]
    66 |        N/A |  1786.6887 [1516.4419, 248.1273] |  1694.9375 [1516.4419, 64.6248]
    67 |        N/A |  1851.3811 [1624.2788, 204.9829] |  1943.1324 [1624.2788, 204.9829]
    68 |        N/A |  1874.1515 [1603.9048, 248.1273] |  1782.4003 [1603.9048, 64.6248]
    69 |        N/A |  1693.1400 [1671.0205, 0.0000] |  1784.8913 [1671.0205, 0.0000]
    70 |        N/A |  1644.2665 [1557.5222, 64.6248] |  1736.0177 [1557.5222, 64.6248]
    71 |        N/A |  1625.8828 [1603.7633, 0.0000] |  1717.6340 [1603.7633, 0.0000]
    72 |        N/A |  1751.1915 [1639.7968, 89.2751] |  1842.9427 [1639.7968, 89.2751]
    73 |        N/A |  1833.5875 [1746.8432, 64.6248] |  1925.3387 [1746.8432, 64.6248]
    74 |        N/A |  1742.0252 [1630.6305, 89.2751] |  1833.7764 [1630.6305, 89.2751]
    75 |        N/A |  1919.3580 [1832.6137, 64.6248] |  1920.7380 [1742.2425, 64.6248]
    76 |        N/A |  1854.3987 [1832.2792, 0.0000] |  1946.1500 [1832.2792, 0.0000]
    77 |        N/A |  1945.5253 [1858.7810, 64.6248] |  1878.9081 [1765.0374, 0.0000]
    78 |        N/A |  1840.4232 [1634.8013, 183.5025] |  1748.6720 [1634.8013, 0.0000]
    79 |        N/A |  1887.8754 [1660.7731, 204.9829] |  1936.1561 [1733.0102, 89.2751]
    80 |        N/A |  1783.3153 [1388.8489, 372.3469] |  1719.3256 [1605.4549, 0.0000]
    81 |        N/A |  1788.3649 [1612.3454, 153.8999] |  1880.1161 [1612.3454, 153.8999]
    82 |        N/A |  1838.6304 [1816.5109, 0.0000] |  1930.3816 [1816.5109, 0.0000]
    83 |        N/A |  1852.2086 [1830.0891, 0.0000] |  1943.9599 [1830.0891, 0.0000]
    84 |        N/A |  1513.8717 [1286.7694, 204.9829] |  1599.6640 [1485.7932, 0.0000]
    85 |        N/A |  1722.8966 [1498.0159, 202.7612] |  1814.6479 [1498.0159, 202.7612]
    86 |        N/A |  1773.4892 [1662.0946, 89.2751] |  1865.2405 [1662.0946, 89.2751]
    87 |        N/A |  1869.0491 [1846.9297, 0.0000] |  1868.8547 [1754.9840, 0.0000]
    88 |        N/A |  1899.1689 [1672.0666, 204.9829] |  1914.3780 [1800.5073, 0.0000]
    89 |        N/A |  1529.5989 [1442.8547, 64.6248] |  1621.3502 [1442.8547, 64.6248]
    90 |        N/A |  2071.7288 [2049.6093, 0.0000] |  2031.6670 [1917.7962, 0.0000]
    91 |        N/A |  1947.2984 [1925.1790, 0.0000] |  2039.0497 [1925.1790, 0.0000]
    92 |        N/A |  1919.6434 [1808.2488, 89.2751] |  1924.3378 [1656.5671, 153.8999]
    93 |        N/A |  1925.9341 [1701.0534, 202.7612] |  2017.6854 [1701.0534, 202.7612]
    94 |        N/A |  1959.5772 [1872.8329, 64.6248] |  1986.0314 [1807.5358, 64.6248]
    95 |        N/A |  1880.3522 [1793.6080, 64.6248] |  1972.1035 [1793.6080, 64.6248]
    96 |        N/A |  1988.8973 [1902.1530, 64.6248] |  1907.3772 [1728.8816, 64.6248]
    97 |        N/A |  1944.6607 [1833.2661, 89.2751] |  1855.7312 [1741.8605, 0.0000]
    98 |        N/A |  2016.2820 [1994.1625, 0.0000] |  1970.0999 [1856.2292, 0.0000]
    99 |        N/A |  1675.5308 [1653.4113, 0.0000] |  1767.2820 [1653.4113, 0.0000]
   100 |        N/A |  1840.4636 [1818.3442, 0.0000] |  1848.2727 [1734.4019, 0.0000]
   101 |        N/A |  1765.7464 [1654.3518, 89.2751] |  1857.4977 [1654.3518, 89.2751]
   102 |        N/A |  1705.7763 [1619.0320, 64.6248] |  1797.5276 [1619.0320, 64.6248]
   103 |        N/A |  1778.0932 [1666.6986, 89.2751] |  1689.1753 [1486.0295, 89.2751]
   104 |        N/A |  1631.7919 [1609.6724, 0.0000] |  1669.7751 [1555.9043, 0.0000]
   105 |        N/A |  1631.6337 [1609.5142, 0.0000] |  1723.3849 [1609.5142, 0.0000]
   106 |        N/A |  1816.1535 [1794.0340, 0.0000] |  1898.4365 [1784.5658, 0.0000]
   107 |        N/A |  1894.0553 [1666.9530, 204.9829] |  1985.8066 [1666.9530, 204.9829]
   108 |        N/A |  1915.2551 [1688.1528, 204.9829] |  2000.4634 [1886.5926, 0.0000]
   109 |        N/A |  1695.2212 [1608.4769, 64.6248] |  1786.9724 [1608.4769, 64.6248]
   110 |        N/A |  1832.3265 [1810.2070, 0.0000] |  1878.6213 [1764.7505, 0.0000]
   111 |        N/A |  2019.9539 [1997.8344, 0.0000] |  1974.9199 [1861.0492, 0.0000]
   112 |        N/A |  1683.4748 [1661.3553, 0.0000] |  1685.5277 [1571.6569, 0.0000]
   113 |        N/A |  1779.0764 [1756.9569, 0.0000] |  1870.8276 [1756.9569, 0.0000]
   114 |        N/A |  1870.7653 [1848.6458, 0.0000] |  1827.5330 [1713.6622, 0.0000]
   115 |        N/A |  1811.8401 [1700.4455, 89.2751] |  1903.5914 [1700.4455, 89.2751]
   116 |        N/A |  1818.0966 [1731.3523, 64.6248] |  1909.8479 [1731.3523, 64.6248]
   117 |        N/A |  1903.8403 [1792.4457, 89.2751] |  1995.5916 [1792.4457, 89.2751]
   118 |        N/A |  1805.0805 [1693.6858, 89.2751] |  1834.0095 [1630.8636, 89.2751]
   119 |        N/A |  1727.3811 [1640.6368, 64.6248] |  1690.2837 [1511.7881, 64.6248]
   120 |        N/A |  1830.8849 [1744.1406, 64.6248] |  1922.6361 [1744.1406, 64.6248]
   121 |        N/A |  1976.1161 [1889.3719, 64.6248] |  1967.4143 [1788.9188, 64.6248]
   122 |        N/A |  1716.2744 [1421.3772, 272.7776] |  1624.5231 [1421.3772, 89.2751]
   123 |        N/A |  1934.3050 [1912.1856, 0.0000] |  1990.4831 [1787.3372, 89.2751]
   124 |        N/A |  1569.0020 [1546.8826, 0.0000] |  1660.7533 [1546.8826, 0.0000]
   125 |        N/A |  1650.5999 [1628.4805, 0.0000] |  1742.3512 [1628.4805, 0.0000]
   126 |        N/A |  1946.5780 [1587.0561, 337.4024] |  1854.8267 [1587.0561, 153.8999]
   127 |        N/A |  1834.7519 [1607.6495, 204.9829] |  1926.5031 [1607.6495, 204.9829]
   128 |        N/A |  1882.4667 [1771.0720, 89.2751] |  1974.2179 [1771.0720, 89.2751]
   129 |        N/A |  1485.8911 [1374.4965, 89.2751] |  1577.6424 [1374.4965, 89.2751]
   130 |        N/A |  1884.9746 [1660.0938, 202.7612] |  1877.9135 [1764.0428, 0.0000]
   131 |        N/A |  1865.9465 [1779.2023, 64.6248] |  1880.5391 [1766.6684, 0.0000]
   132 |        N/A |  1825.4024 [1738.6582, 64.6248] |  1917.1537 [1738.6582, 64.6248]
   133 |        N/A |  1928.2144 [1906.0949, 0.0000] |  1956.2043 [1842.3336, 0.0000]
   134 |        N/A |  1939.0935 [1916.9740, 0.0000] |  1929.0178 [1750.5223, 64.6248]
   135 |        N/A |  1867.1989 [1661.5769, 183.5025] |  1775.4476 [1661.5769, 0.0000]
   136 |        N/A |  1993.4145 [1971.2950, 0.0000] |  2085.1657 [1971.2950, 0.0000]
   137 |        N/A |  1646.8791 [1624.7596, 0.0000] |  1738.6304 [1624.7596, 0.0000]
   138 |        N/A |  1697.6018 [1610.8575, 64.6248] |  1789.3530 [1610.8575, 64.6248]
   139 |        N/A |  1947.6278 [1742.0058, 183.5025] |  1855.8766 [1742.0058, 0.0000]
   140 |        N/A |  1768.2219 [1681.4776, 64.6248] |  1846.5210 [1732.6503, 0.0000]
   141 |        N/A |  1818.6504 [1707.2557, 89.2751] |  1748.5458 [1545.3999, 89.2751]
   142 |        N/A |  1830.0894 [1602.9871, 204.9829] |  1898.8073 [1695.6614, 89.2751]
   143 |        N/A |  1964.4941 [1942.3746, 0.0000] |  1941.4453 [1827.5746, 0.0000]
   144 |        N/A |  1799.4870 [1777.3675, 0.0000] |  1891.2382 [1777.3675, 0.0000]
   145 |        N/A |  1786.5958 [1764.4763, 0.0000] |  1867.9630 [1754.0923, 0.0000]
   146 |        N/A |  1855.8669 [1833.7474, 0.0000] |  1907.6756 [1793.8049, 0.0000]
   147 |        N/A |  1759.4605 [1672.7162, 64.6248] |  1851.2117 [1672.7162, 64.6248]
   148 |        N/A |  1600.0531 [1488.6585, 89.2751] |  1691.8044 [1488.6585, 89.2751]
   149 |        N/A |  1823.0538 [1711.6591, 89.2751] |  1914.8050 [1711.6591, 89.2751]
   150 |        N/A |  1919.8548 [1897.7353, 0.0000] |  2011.6060 [1897.7353, 0.0000]
   151 |        N/A |  1871.4113 [1784.6670, 64.6248] |  1906.0535 [1727.5580, 64.6248]
   152 |        N/A |  1833.9183 [1747.1740, 64.6248] |  1892.3052 [1778.4345, 0.0000]
   153 |        N/A |  1712.8238 [1472.2573, 218.4469] |  1754.2976 [1640.4269, 0.0000]
   154 |        N/A |  1757.3932 [1467.8877, 267.3860] |  1849.1445 [1467.8877, 267.3860]
   155 |        N/A |  1616.6337 [1411.0117, 183.5025] |  1524.8824 [1411.0117, 0.0000]
   156 |        N/A |  2102.8008 [1926.7814, 153.8999] |  2074.6834 [1960.8127, 0.0000]
   157 |        N/A |  1552.2602 [1257.3631, 272.7776] |  1460.5090 [1257.3631, 89.2751]
   158 |        N/A |  1840.3554 [1753.6111, 64.6248] |  1815.2417 [1547.4711, 153.8999]
   159 |        N/A |  1759.1046 [1672.3603, 64.6248] |  1850.8558 [1672.3603, 64.6248]
   160 |        N/A |  1635.5704 [1524.1757, 89.2751] |  1727.3216 [1524.1757, 89.2751]
   161 |        N/A |  1607.7225 [1496.3279, 89.2751] |  1699.4738 [1496.3279, 89.2751]
   162 |        N/A |  2101.0857 [1873.9834, 204.9829] |  2178.7260 [2064.8553, 0.0000]
   163 |        N/A |  1856.7226 [1540.3451, 294.2580] |  1852.0571 [1648.9112, 89.2751]
   164 |        N/A |  1926.2770 [1904.1576, 0.0000] |  1964.9681 [1851.0974, 0.0000]
   165 |        N/A |  1903.6294 [1792.2348, 89.2751] |  1980.3657 [1777.2198, 89.2751]
   166 |        N/A |  1806.0622 [1694.6676, 89.2751] |  1897.8135 [1694.6676, 89.2751]
   167 |        N/A |  1840.1700 [1818.0506, 0.0000] |  1775.9606 [1662.0898, 0.0000]
   168 |        N/A |  1779.4645 [1668.0698, 89.2751] |  1869.2331 [1755.3623, 0.0000]
   169 |        N/A |  1757.7594 [1581.7399, 153.8999] |  1849.5106 [1581.7399, 153.8999]
   170 |        N/A |  1953.3120 [1931.1925, 0.0000] |  1923.7838 [1720.6379, 89.2751]
   171 |        N/A |  1791.5191 [1769.3996, 0.0000] |  1883.2704 [1769.3996, 0.0000]
   172 |        N/A |  2011.1487 [1924.4044, 64.6248] |  1957.1099 [1843.2392, 0.0000]
   173 |        N/A |  1888.9230 [1777.5284, 89.2751] |  1980.6743 [1777.5284, 89.2751]
   174 |        N/A |  1699.5837 [1472.4814, 204.9829] |  1726.7850 [1612.9143, 0.0000]
   175 |        N/A |  1725.1479 [1519.5259, 183.5025] |  1633.3966 [1519.5259, 0.0000]
   176 |        N/A |  1587.8998 [1501.1555, 64.6248] |  1679.6510 [1501.1555, 64.6248]
   177 |        N/A |  1904.1201 [1882.0007, 0.0000] |  1957.9043 [1844.0336, 0.0000]
   178 |        N/A |  1839.0222 [1633.4002, 183.5025] |  1747.2709 [1633.4002, 0.0000]
   179 |        N/A |  2013.2465 [1991.1270, 0.0000] |  2104.9977 [1991.1270, 0.0000]
   180 |        N/A |  2050.0880 [1963.3437, 64.6248] |  2141.8392 [1963.3437, 64.6248]
   181 |        N/A |  1789.2503 [1613.2309, 153.8999] |  1881.0016 [1613.2309, 153.8999]
   182 |        N/A |  1776.4518 [1665.0571, 89.2751] |  1868.2030 [1665.0571, 89.2751]
   183 |        N/A |  1742.9327 [1720.8132, 0.0000] |  1834.6839 [1720.8132, 0.0000]
   184 |        N/A |  1741.3691 [1719.2496, 0.0000] |  1833.1204 [1719.2496, 0.0000]
   185 |        N/A |  1687.3679 [1600.6236, 64.6248] |  1779.1191 [1600.6236, 64.6248]
   186 |        N/A |  1717.4752 [1606.0806, 89.2751] |  1809.2264 [1606.0806, 89.2751]
   187 |        N/A |  1914.5630 [1892.4435, 0.0000] |  2006.3143 [1892.4435, 0.0000]
   188 |        N/A |  1859.0867 [1553.8954, 283.0717] |  1950.8379 [1553.8954, 283.0717]
   189 |        N/A |  2090.0805 [1819.8337, 248.1273] |  1998.3292 [1819.8337, 64.6248]
   190 |        N/A |  1714.1018 [1602.7071, 89.2751] |  1795.4718 [1592.3259, 89.2751]
   191 |        N/A |  1669.0457 [1646.9262, 0.0000] |  1760.7969 [1646.9262, 0.0000]
   192 |        N/A |  1772.4898 [1750.3703, 0.0000] |  1864.2410 [1750.3703, 0.0000]
   193 |        N/A |  1939.0525 [1916.9331, 0.0000] |  2030.8038 [1916.9331, 0.0000]
   194 |        N/A |  1848.3899 [1826.2704, 0.0000] |  1940.1412 [1826.2704, 0.0000]
   195 |        N/A |  1939.4965 [1917.3770, 0.0000] |  2031.2478 [1917.3770, 0.0000]
   196 |        N/A |  1861.4315 [1655.8096, 183.5025] |  1769.6803 [1655.8096, 0.0000]
   197 |        N/A |  1774.1848 [1752.0653, 0.0000] |  1865.9360 [1752.0653, 0.0000]
   198 |        N/A |  1801.4539 [1779.3344, 0.0000] |  1893.2052 [1779.3344, 0.0000]
   199 |        N/A |  1861.3443 [1501.8224, 337.4024] |  1769.5930 [1501.8224, 153.8999]
   200 |        N/A |  1933.3790 [1911.2596, 0.0000] |  1891.0594 [1777.1887, 0.0000]
   201 |        N/A |  1828.4185 [1806.2990, 0.0000] |  1920.1698 [1806.2990, 0.0000]
   202 |        N/A |  1780.3066 [1510.0598, 248.1273] |  1688.5554 [1510.0598, 64.6248]
   203 |        N/A |  1816.3707 [1729.6264, 64.6248] |  1908.1219 [1729.6264, 64.6248]
   204 |        N/A |  1733.2666 [1428.0753, 283.0717] |  1825.0178 [1428.0753, 283.0717]
   205 |        N/A |  1739.0977 [1444.2006, 272.7776] |  1647.3465 [1444.2006, 89.2751]
   206 |        N/A |  1831.8400 [1809.7205, 0.0000] |  1923.5912 [1809.7205, 0.0000]
   207 |        N/A |  1771.1030 [1748.9835, 0.0000] |  1834.1902 [1720.3195, 0.0000]
   208 |        N/A |  1780.5095 [1553.4072, 204.9829] |  1871.1732 [1692.6777, 64.6248]
   209 |        N/A |  1844.7802 [1639.1583, 183.5025] |  1753.0290 [1639.1583, 0.0000]
   210 |        N/A |  2082.5066 [1768.3507, 292.0364] |  2074.9719 [1871.8260, 89.2751]
   211 |        N/A |  1870.3812 [1783.6369, 64.6248] |  1962.1324 [1783.6369, 64.6248]
   212 |        N/A |  1858.7908 [1772.0465, 64.6248] |  1950.5420 [1772.0465, 64.6248]
   213 |        N/A |  1813.1547 [1726.4105, 64.6248] |  1904.9060 [1726.4105, 64.6248]
   214 |        N/A |  1545.3803 [1339.7583, 183.5025] |  1453.6290 [1339.7583, 0.0000]
   215 |        N/A |  1851.9194 [1765.1752, 64.6248] |  1940.7082 [1762.2126, 64.6248]
   216 |        N/A |  2014.1690 [1902.7744, 89.2751] |  2091.6660 [1888.5202, 89.2751]
   217 |        N/A |  1850.4873 [1828.3678, 0.0000] |  1929.2419 [1815.3712, 0.0000]
   218 |        N/A |  1749.5818 [1727.4623, 0.0000] |  1680.3042 [1566.4334, 0.0000]
   219 |        N/A |  1907.6130 [1885.4936, 0.0000] |  1948.4080 [1769.9125, 64.6248]
   220 |        N/A |  1703.6468 [1592.2522, 89.2751] |  1795.3981 [1592.2522, 89.2751]
   221 |        N/A |  1718.8107 [1493.9300, 202.7612] |  1717.8584 [1603.9877, 0.0000]
   222 |        N/A |  1815.4615 [1793.3421, 0.0000] |  1765.5860 [1651.7153, 0.0000]
   223 |        N/A |  1637.6785 [1615.5590, 0.0000] |  1729.4298 [1615.5590, 0.0000]
   224 |        N/A |  1473.7057 [1386.9615, 64.6248] |  1565.4570 [1386.9615, 64.6248]
   225 |        N/A |  1799.2595 [1593.6375, 183.5025] |  1707.5082 [1593.6375, 0.0000]
   226 |        N/A |  1854.5658 [1767.8215, 64.6248] |  1946.3171 [1767.8215, 64.6248]
   227 |        N/A |  1949.4842 [1708.9178, 218.4469] |  2032.1744 [1918.3037, 0.0000]
   228 |        N/A |  1770.7265 [1748.6070, 0.0000] |  1862.4778 [1748.6070, 0.0000]
   229 |        N/A |  1940.3490 [1853.6047, 64.6248] |  1900.8756 [1787.0049, 0.0000]
   230 |        N/A |  1749.0382 [1573.0187, 153.8999] |  1840.7894 [1573.0187, 153.8999]
   231 |        N/A |  1706.9535 [1620.2092, 64.6248] |  1798.7048 [1620.2092, 64.6248]
   232 |        N/A |  1763.3390 [1651.9444, 89.2751] |  1855.0903 [1651.9444, 89.2751]
   233 |        N/A |  1946.8534 [1924.7339, 0.0000] |  1918.7539 [1804.8832, 0.0000]
   234 |        N/A |  1841.5555 [1754.8112, 64.6248] |  1907.2092 [1728.7137, 64.6248]
   235 |        N/A |  2017.8738 [1995.7544, 0.0000] |  2109.6251 [1995.7544, 0.0000]
   236 |        N/A |  1948.7883 [1926.6688, 0.0000] |  2040.5395 [1926.6688, 0.0000]
   237 |        N/A |  1926.0690 [1839.3248, 64.6248] |  1955.2716 [1841.4009, 0.0000]
   238 |        N/A |  1644.9357 [1468.9163, 153.8999] |  1736.6870 [1468.9163, 153.8999]
   239 |        N/A |  1714.4412 [1692.3218, 0.0000] |  1806.1925 [1692.3218, 0.0000]
   240 |        N/A |  1527.0344 [1504.9149, 0.0000] |  1618.7856 [1504.9149, 0.0000]
   241 |        N/A |  1872.8408 [1645.7385, 204.9829] |  1964.5921 [1645.7385, 204.9829]
   242 |        N/A |  1871.5971 [1849.4776, 0.0000] |  1913.2625 [1710.1167, 89.2751]
   243 |        N/A |  1882.7578 [1612.5110, 248.1273] |  1791.0065 [1612.5110, 64.6248]
   244 |        N/A |  1675.7329 [1499.7134, 153.8999] |  1692.2055 [1424.4348, 153.8999]
   245 |        N/A |  1972.7342 [1885.9899, 64.6248] |  2064.4854 [1885.9899, 64.6248]
   246 |        N/A |  1790.7314 [1703.9872, 64.6248] |  1859.7774 [1656.6316, 89.2751]
   247 |        N/A |  1789.0109 [1766.8914, 0.0000] |  1880.7622 [1766.8914, 0.0000]
   248 |        N/A |  1808.9555 [1786.8361, 0.0000] |  1900.7068 [1786.8361, 0.0000]
   249 |        N/A |  1558.9053 [1536.7859, 0.0000] |  1650.6566 [1536.7859, 0.0000]
   250 |        N/A |  1875.1925 [1763.7978, 89.2751] |  1958.9234 [1755.7775, 89.2751]
   251 |        N/A |  1859.4448 [1772.7005, 64.6248] |  1951.1960 [1772.7005, 64.6248]
   252 |        N/A |  1766.2304 [1744.1110, 0.0000] |  1857.9817 [1744.1110, 0.0000]
   253 |        N/A |  1893.1188 [1806.3746, 64.6248] |  1853.0281 [1649.8822, 89.2751]
   254 |        N/A |  1891.5705 [1869.4510, 0.0000] |  1904.9142 [1791.0435, 0.0000]
   255 |        N/A |  1632.3957 [1610.2762, 0.0000] |  1724.1470 [1610.2762, 0.0000]
   256 |        N/A |  1785.2823 [1698.5380, 64.6248] |  1788.0032 [1674.1325, 0.0000]
   257 |        N/A |  1822.4989 [1597.6182, 202.7612] |  1868.5084 [1754.6377, 0.0000]
   258 |        N/A |  1879.2295 [1857.1100, 0.0000] |  1873.0065 [1759.1358, 0.0000]
   259 |        N/A |  2018.7662 [1996.6467, 0.0000] |  2110.5174 [1996.6467, 0.0000]
   260 |        N/A |  1799.6164 [1777.4969, 0.0000] |  1891.3676 [1777.4969, 0.0000]
   261 |        N/A |  1912.8553 [1890.7359, 0.0000] |  2004.6066 [1890.7359, 0.0000]
   262 |        N/A |  1871.0874 [1848.9679, 0.0000] |  1786.7000 [1672.8293, 0.0000]
   263 |        N/A |  1843.9723 [1757.2280, 64.6248] |  1810.9440 [1632.4485, 64.6248]
   264 |        N/A |  1741.7418 [1719.6223, 0.0000] |  1833.4931 [1719.6223, 0.0000]
   265 |        N/A |  1823.3909 [1647.3715, 153.8999] |  1915.1422 [1647.3715, 153.8999]
   266 |        N/A |  1844.9795 [1668.9601, 153.8999] |  1936.7308 [1668.9601, 153.8999]
   267 |        N/A |  1777.3653 [1601.3459, 153.8999] |  1869.1166 [1601.3459, 153.8999]
   268 |        N/A |  1705.2377 [1683.1182, 0.0000] |  1796.9889 [1683.1182, 0.0000]
   269 |        N/A |  1894.9531 [1535.4312, 337.4024] |  1803.2019 [1535.4312, 153.8999]
   270 |        N/A |  1745.5798 [1431.4239, 292.0364] |  1837.3310 [1431.4239, 292.0364]
   271 |        N/A |  1817.7315 [1795.6120, 0.0000] |  1909.4827 [1795.6120, 0.0000]
   272 |        N/A |  1566.3955 [1544.2760, 0.0000] |  1658.1467 [1544.2760, 0.0000]
   273 |        N/A |  1871.9396 [1785.1953, 64.6248] |  1963.6908 [1785.1953, 64.6248]
   274 |        N/A |  1822.0880 [1735.3437, 64.6248] |  1855.6970 [1652.5511, 89.2751]
   275 |        N/A |  1871.0519 [1848.9324, 0.0000] |  1878.6231 [1764.7523, 0.0000]
   276 |        N/A |  1766.4092 [1679.6650, 64.6248] |  1858.1605 [1679.6650, 64.6248]
   277 |        N/A |  1874.5147 [1852.3952, 0.0000] |  1966.2660 [1852.3952, 0.0000]
   278 |        N/A |  2100.7482 [2078.6287, 0.0000] |  2012.0138 [1898.1431, 0.0000]
   279 |        N/A |  1911.8184 [1641.5717, 248.1273] |  1820.0672 [1641.5717, 64.6248]
   280 |        N/A |  1964.2917 [1877.5474, 64.6248] |  2056.0429 [1877.5474, 64.6248]
   281 |        N/A |  1753.0755 [1666.3312, 64.6248] |  1844.8267 [1666.3312, 64.6248]
   282 |        N/A |  1780.8353 [1510.5885, 248.1273] |  1689.0840 [1510.5885, 64.6248]
   283 |        N/A |  1784.4931 [1762.3736, 0.0000] |  1874.7181 [1760.8474, 0.0000]
   284 |        N/A |  1719.0726 [1632.3284, 64.6248] |  1810.8239 [1632.3284, 64.6248]
   285 |        N/A |  1658.1459 [1433.2651, 202.7612] |  1667.6831 [1553.8124, 0.0000]
   286 |        N/A |  1722.1814 [1610.7868, 89.2751] |  1813.9326 [1610.7868, 89.2751]
   287 |        N/A |  1659.6732 [1548.2786, 89.2751] |  1751.4245 [1548.2786, 89.2751]
   288 |        N/A |  1652.3007 [1565.5564, 64.6248] |  1744.0519 [1565.5564, 64.6248]
   289 |        N/A |  1859.6415 [1772.8972, 64.6248] |  1951.3928 [1772.8972, 64.6248]
   290 |        N/A |  2022.9534 [1936.2091, 64.6248] |  2114.7046 [1936.2091, 64.6248]
   291 |        N/A |  1832.6773 [1721.2826, 89.2751] |  1924.4285 [1721.2826, 89.2751]
   292 |        N/A |  1848.1819 [1826.0625, 0.0000] |  1816.1833 [1702.3126, 0.0000]
   293 |        N/A |  1756.0394 [1669.2951, 64.6248] |  1847.7907 [1669.2951, 64.6248]
   294 |        N/A |  1937.6360 [1826.2414, 89.2751] |  1951.2027 [1748.0569, 89.2751]
   295 |        N/A |  1882.2394 [1860.1199, 0.0000] |  1973.9906 [1860.1199, 0.0000]
   296 |        N/A |  1781.4924 [1387.0260, 372.3469] |  1873.2436 [1387.0260, 372.3469]
   297 |        N/A |  1842.7229 [1617.8422, 202.7612] |  1777.4856 [1663.6149, 0.0000]
   298 |        N/A |  1836.1513 [1630.5293, 183.5025] |  1744.4000 [1630.5293, 0.0000]
   299 |        N/A |  1728.6303 [1503.7496, 202.7612] |  1820.3816 [1503.7496, 202.7612]
   300 |        N/A |  1717.5237 [1541.5043, 153.8999] |  1711.2199 [1443.4492, 153.8999]

  MEDIE VALIDAZIONE OUT-OF-SAMPLE
  PI_val  = 0.0000
  STO_val = 1820.4426  (politica x_sto applicata out-of-sample)
  EEV_val = 1859.6566  (politica x_ev  applicata out-of-sample)
  VSS_val = EEV_val - STO_val = 39.2141 (2.1087%)
  Gap PI-STO_val = nan%
============================================================

IMPATTO ARCHI CASUALI - VALIDAZIONE
  Scenari analizzati = 300
  Estrazioni casuali totali scenario-specifiche = 9000
  Archi casuali distinti = 92

  Conteggio degli archi casuali che compaiono nei tour
  PI : distinti usati almeno una volta = 0/92 (0.00%) | occorrenze scenario-specifiche = 0/9000 (0.00%)
  STO: distinti usati almeno una volta = 91/92 (98.91%) | occorrenze scenario-specifiche = 1535/9000 (17.06%)
  EEV: distinti usati almeno una volta = 92/92 (100.00%) | occorrenze scenario-specifiche = 1406/9000 (15.62%)
  ANY: distinti usati in almeno un tour PI/STO/EEV = 92/92 (100.00%) | occorrenze scenario-specifiche = 1718/9000 (19.09%)

  Dettaglio per scenario: sid | casuali | PI | STO | EEV | ANY
     1 |      30 |  0 |   4 |   4 |   4
     2 |      30 |  0 |   5 |   5 |   5
     3 |      30 |  0 |   5 |   3 |   7
     4 |      30 |  0 |   5 |   5 |   6
     5 |      30 |  0 |   3 |   3 |   3
     6 |      30 |  0 |   4 |   6 |   9
     7 |      30 |  0 |   7 |   7 |   7
     8 |      30 |  0 |   6 |   6 |   6
     9 |      30 |  0 |   3 |   3 |   3
    10 |      30 |  0 |   4 |   4 |   7
    11 |      30 |  0 |   6 |   6 |   6
    12 |      30 |  0 |   4 |   4 |   4
    13 |      30 |  0 |   6 |   6 |   6
    14 |      30 |  0 |   7 |   7 |   7
    15 |      30 |  0 |   7 |   4 |   8
    16 |      30 |  0 |   5 |   5 |   5
    17 |      30 |  0 |   4 |   4 |   4
    18 |      30 |  0 |   8 |   5 |  11
    19 |      30 |  0 |   4 |   3 |   4
    20 |      30 |  0 |   5 |   5 |   5
    21 |      30 |  0 |   7 |   4 |   7
    22 |      30 |  0 |   7 |   7 |   7
    23 |      30 |  0 |   3 |   3 |   3
    24 |      30 |  0 |   7 |   7 |   7
    25 |      30 |  0 |   6 |   6 |   6
    26 |      30 |  0 |   3 |   2 |   3
    27 |      30 |  0 |   4 |   3 |   5
    28 |      30 |  0 |   4 |   4 |   4
    29 |      30 |  0 |   7 |   7 |   7
    30 |      30 |  0 |   7 |   7 |   7
    31 |      30 |  0 |   6 |   6 |   6
    32 |      30 |  0 |   7 |   7 |   7
    33 |      30 |  0 |   4 |   4 |   4
    34 |      30 |  0 |   5 |   5 |   6
    35 |      30 |  0 |   5 |   5 |   5
    36 |      30 |  0 |   3 |   3 |   3
    37 |      30 |  0 |   5 |   4 |   8
    38 |      30 |  0 |   3 |   3 |   3
    39 |      30 |  0 |   7 |   7 |   7
    40 |      30 |  0 |   6 |   5 |   6
    41 |      30 |  0 |   6 |   6 |   6
    42 |      30 |  0 |   6 |   6 |   6
    43 |      30 |  0 |   4 |   5 |   6
    44 |      30 |  0 |   3 |   3 |   3
    45 |      30 |  0 |   2 |   2 |   2
    46 |      30 |  0 |   5 |   5 |   5
    47 |      30 |  0 |   6 |   4 |   6
    48 |      30 |  0 |   6 |   4 |   7
    49 |      30 |  0 |   7 |   7 |   7
    50 |      30 |  0 |   7 |   5 |  10
    51 |      30 |  0 |   3 |   3 |   4
    52 |      30 |  0 |   6 |   4 |   9
    53 |      30 |  0 |   6 |   6 |   6
    54 |      30 |  0 |   3 |   5 |   7
    55 |      30 |  0 |   6 |   5 |   6
    56 |      30 |  0 |   4 |   4 |   6
    57 |      30 |  0 |   6 |   6 |   6
    58 |      30 |  0 |   6 |   4 |   8
    59 |      30 |  0 |   4 |   4 |   8
    60 |      30 |  0 |   4 |   4 |   4
    61 |      30 |  0 |   6 |   4 |   6
    62 |      30 |  0 |   5 |   5 |   5
    63 |      30 |  0 |   6 |   3 |   8
    64 |      30 |  0 |   5 |   5 |   5
    65 |      30 |  0 |   4 |   4 |   4
    66 |      30 |  0 |   5 |   5 |   5
    67 |      30 |  0 |   4 |   4 |   4
    68 |      30 |  0 |   3 |   3 |   3
    69 |      30 |  0 |   6 |   6 |   6
    70 |      30 |  0 |   4 |   4 |   4
    71 |      30 |  0 |   5 |   5 |   5
    72 |      30 |  0 |   7 |   7 |   7
    73 |      30 |  0 |   7 |   7 |   7
    74 |      30 |  0 |   4 |   4 |   4
    75 |      30 |  0 |   5 |   4 |   6
    76 |      30 |  0 |   6 |   6 |   6
    77 |      30 |  0 |   6 |   5 |   7
    78 |      30 |  0 |   2 |   2 |   2
    79 |      30 |  0 |   4 |   2 |   4
    80 |      30 |  0 |   2 |   5 |   7
    81 |      30 |  0 |   3 |   3 |   3
    82 |      30 |  0 |   7 |   7 |   7
    83 |      30 |  0 |   5 |   5 |   5
    84 |      30 |  0 |   3 |   3 |   5
    85 |      30 |  0 |   5 |   5 |   5
    86 |      30 |  0 |   5 |   5 |   5
    87 |      30 |  0 |   5 |   5 |   5
    88 |      30 |  0 |   6 |   3 |   7
    89 |      30 |  0 |   7 |   7 |   7
    90 |      30 |  0 |   5 |   3 |   6
    91 |      30 |  0 |   8 |   8 |   8
    92 |      30 |  0 |   6 |   2 |   6
    93 |      30 |  0 |   4 |   4 |   4
    94 |      30 |  0 |   4 |   3 |   7
    95 |      30 |  0 |   6 |   6 |   6
    96 |      30 |  0 |   5 |   7 |   7
    97 |      30 |  0 |   4 |   3 |   6
    98 |      30 |  0 |   5 |   7 |  10
    99 |      30 |  0 |   8 |   8 |   8
   100 |      30 |  0 |   6 |   4 |   7
   101 |      30 |  0 |   6 |   6 |   6
   102 |      30 |  0 |   4 |   4 |   4
   103 |      30 |  0 |   4 |   3 |   4
   104 |      30 |  0 |   5 |   3 |   5
   105 |      30 |  0 |   7 |   7 |   7
   106 |      30 |  0 |   7 |   7 |  11
   107 |      30 |  0 |   5 |   5 |   5
   108 |      30 |  0 |   5 |   3 |   6
   109 |      30 |  0 |   5 |   5 |   5
   110 |      30 |  0 |   3 |   2 |   3
   111 |      30 |  0 |   8 |   5 |  10
   112 |      30 |  0 |   8 |   7 |   8
   113 |      30 |  0 |   4 |   4 |   4
   114 |      30 |  0 |   5 |   4 |   7
   115 |      30 |  0 |   8 |   8 |   8
   116 |      30 |  0 |   6 |   6 |   6
   117 |      30 |  0 |   6 |   6 |   6
   118 |      30 |  0 |   7 |   5 |   7
   119 |      30 |  0 |   3 |   3 |   6
   120 |      30 |  0 |   5 |   5 |   5
   121 |      30 |  0 |   6 |   4 |  10
   122 |      30 |  0 |   5 |   5 |   5
   123 |      30 |  0 |   3 |   2 |   5
   124 |      30 |  0 |   4 |   4 |   4
   125 |      30 |  0 |   7 |   7 |   7
   126 |      30 |  0 |   2 |   2 |   2
   127 |      30 |  0 |   6 |   6 |   6
   128 |      30 |  0 |   5 |   5 |   5
   129 |      30 |  0 |   7 |   7 |   7
   130 |      30 |  0 |   5 |   4 |   7
   131 |      30 |  0 |   6 |   4 |   8
   132 |      30 |  0 |   3 |   3 |   3
   133 |      30 |  0 |   5 |   2 |   6
   134 |      30 |  0 |   4 |   3 |   5
   135 |      30 |  0 |   5 |   5 |   5
   136 |      30 |  0 |   5 |   5 |   5
   137 |      30 |  0 |   6 |   6 |   6
   138 |      30 |  0 |   4 |   4 |   4
   139 |      30 |  0 |   4 |   4 |   4
   140 |      30 |  0 |   5 |   2 |   6
   141 |      30 |  0 |   5 |   5 |   8
   142 |      30 |  0 |   4 |   4 |   7
   143 |      30 |  0 |   4 |   4 |   7
   144 |      30 |  0 |   8 |   8 |   8
   145 |      30 |  0 |   6 |   4 |   8
   146 |      30 |  0 |   4 |   4 |   6
   147 |      30 |  0 |   6 |   6 |   6
   148 |      30 |  0 |   8 |   8 |   8
   149 |      30 |  0 |   6 |   6 |   6
   150 |      30 |  0 |   3 |   3 |   3
   151 |      30 |  0 |   4 |   3 |   4
   152 |      30 |  0 |   5 |   5 |   8
   153 |      30 |  0 |   5 |   4 |   7
   154 |      30 |  0 |   5 |   5 |   5
   155 |      30 |  0 |   5 |   5 |   5
   156 |      30 |  0 |   3 |   2 |   5
   157 |      30 |  0 |   4 |   4 |   4
   158 |      30 |  0 |   7 |   3 |   8
   159 |      30 |  0 |   3 |   3 |   3
   160 |      30 |  0 |   4 |   4 |   4
   161 |      30 |  0 |   4 |   4 |   4
   162 |      30 |  0 |   4 |   3 |   7
   163 |      30 |  0 |   7 |   7 |   8
   164 |      30 |  0 |   6 |   4 |   6
   165 |      30 |  0 |   4 |   3 |   6
   166 |      30 |  0 |   4 |   4 |   4
   167 |      30 |  0 |   5 |   5 |   7
   168 |      30 |  0 |   6 |   4 |   6
   169 |      30 |  0 |   4 |   4 |   4
   170 |      30 |  0 |   5 |   4 |   7
   171 |      30 |  0 |   5 |   5 |   5
   172 |      30 |  0 |   6 |   5 |   8
   173 |      30 |  0 |   4 |   4 |   4
   174 |      30 |  0 |   5 |   4 |   6
   175 |      30 |  0 |   6 |   6 |   6
   176 |      30 |  0 |   7 |   7 |   7
   177 |      30 |  0 |   4 |   3 |   4
   178 |      30 |  0 |   5 |   5 |   5
   179 |      30 |  0 |   3 |   3 |   3
   180 |      30 |  0 |   5 |   5 |   5
   181 |      30 |  0 |   3 |   3 |   3
   182 |      30 |  0 |   5 |   5 |   5
   183 |      30 |  0 |   4 |   4 |   4
   184 |      30 |  0 |   4 |   4 |   4
   185 |      30 |  0 |   3 |   3 |   3
   186 |      30 |  0 |   7 |   7 |   7
   187 |      30 |  0 |   5 |   5 |   5
   188 |      30 |  0 |   6 |   6 |   6
   189 |      30 |  0 |   3 |   3 |   3
   190 |      30 |  0 |   7 |   6 |   8
   191 |      30 |  0 |   4 |   4 |   4
   192 |      30 |  0 |   5 |   5 |   5
   193 |      30 |  0 |   5 |   5 |   5
   194 |      30 |  0 |   5 |   5 |   5
   195 |      30 |  0 |   6 |   6 |   6
   196 |      30 |  0 |   4 |   4 |   4
   197 |      30 |  0 |   4 |   4 |   4
   198 |      30 |  0 |   6 |   6 |   6
   199 |      30 |  0 |   6 |   6 |   6
   200 |      30 |  0 |   6 |   6 |   9
   201 |      30 |  0 |   6 |   6 |   6
   202 |      30 |  0 |   2 |   2 |   2
   203 |      30 |  0 |   5 |   5 |   5
   204 |      30 |  0 |   4 |   4 |   4
   205 |      30 |  0 |   5 |   5 |   5
   206 |      30 |  0 |   4 |   4 |   4
   207 |      30 |  0 |   5 |   5 |   7
   208 |      30 |  0 |   8 |   5 |  10
   209 |      30 |  0 |   3 |   3 |   3
   210 |      30 |  0 |   4 |   3 |   4
   211 |      30 |  0 |   7 |   7 |   7
   212 |      30 |  0 |   4 |   4 |   4
   213 |      30 |  0 |   4 |   4 |   4
   214 |      30 |  0 |   7 |   7 |   7
   215 |      30 |  0 |   6 |   3 |   6
   216 |      30 |  0 |   4 |   4 |   7
   217 |      30 |  0 |   5 |   4 |   6
   218 |      30 |  0 |   6 |   4 |   6
   219 |      30 |  0 |   5 |   3 |   7
   220 |      30 |  0 |   6 |   6 |   6
   221 |      30 |  0 |   5 |   4 |   5
   222 |      30 |  0 |   6 |   6 |   7
   223 |      30 |  0 |   8 |   8 |   8
   224 |      30 |  0 |   5 |   5 |   5
   225 |      30 |  0 |   4 |   4 |   4
   226 |      30 |  0 |   4 |   4 |   4
   227 |      30 |  0 |   4 |   5 |   7
   228 |      30 |  0 |   5 |   5 |   5
   229 |      30 |  0 |   5 |   3 |   7
   230 |      30 |  0 |   5 |   5 |   5
   231 |      30 |  0 |   5 |   5 |   5
   232 |      30 |  0 |   3 |   3 |   3
   233 |      30 |  0 |   7 |   5 |   8
   234 |      30 |  0 |   5 |   3 |   8
   235 |      30 |  0 |   3 |   3 |   3
   236 |      30 |  0 |   3 |   3 |   3
   237 |      30 |  0 |   5 |   5 |   7
   238 |      30 |  0 |   6 |   6 |   6
   239 |      30 |  0 |   3 |   3 |   3
   240 |      30 |  0 |   5 |   5 |   5
   241 |      30 |  0 |   4 |   4 |   4
   242 |      30 |  0 |   4 |   3 |   6
   243 |      30 |  0 |   5 |   5 |   5
   244 |      30 |  0 |   5 |   2 |   5
   245 |      30 |  0 |   5 |   5 |   5
   246 |      30 |  0 |   5 |   4 |   7
   247 |      30 |  0 |   4 |   4 |   4
   248 |      30 |  0 |   7 |   7 |   7
   249 |      30 |  0 |   6 |   6 |   6
   250 |      30 |  0 |   5 |   1 |   5
   251 |      30 |  0 |   6 |   6 |   6
   252 |      30 |  0 |   6 |   6 |   6
   253 |      30 |  0 |   6 |   3 |   7
   254 |      30 |  0 |   5 |   3 |   7
   255 |      30 |  0 |   5 |   5 |   5
   256 |      30 |  0 |   6 |   5 |  10
   257 |      30 |  0 |   6 |   6 |   8
   258 |      30 |  0 |   5 |   4 |   7
   259 |      30 |  0 |   6 |   6 |   6
   260 |      30 |  0 |   5 |   5 |   5
   261 |      30 |  0 |   6 |   6 |   6
   262 |      30 |  0 |   7 |   6 |  10
   263 |      30 |  0 |   5 |   3 |   6
   264 |      30 |  0 |   7 |   7 |   7
   265 |      30 |  0 |   5 |   5 |   5
   266 |      30 |  0 |   6 |   6 |   6
   267 |      30 |  0 |   5 |   5 |   5
   268 |      30 |  0 |   5 |   5 |   5
   269 |      30 |  0 |   3 |   3 |   3
   270 |      30 |  0 |   4 |   4 |   4
   271 |      30 |  0 |   5 |   5 |   5
   272 |      30 |  0 |   6 |   6 |   6
   273 |      30 |  0 |   6 |   6 |   6
   274 |      30 |  0 |   5 |   3 |   8
   275 |      30 |  0 |   5 |   4 |   8
   276 |      30 |  0 |   5 |   5 |   5
   277 |      30 |  0 |   5 |   5 |   5
   278 |      30 |  0 |   4 |   4 |   7
   279 |      30 |  0 |   7 |   7 |   7
   280 |      30 |  0 |   5 |   5 |   5
   281 |      30 |  0 |   7 |   7 |   7
   282 |      30 |  0 |   5 |   5 |   5
   283 |      30 |  0 |   6 |   4 |   6
   284 |      30 |  0 |   8 |   8 |   8
   285 |      30 |  0 |   3 |   3 |   3
   286 |      30 |  0 |   7 |   7 |   7
   287 |      30 |  0 |   8 |   8 |   8
   288 |      30 |  0 |   7 |   7 |   7
   289 |      30 |  0 |   5 |   5 |   5
   290 |      30 |  0 |   6 |   6 |   6
   291 |      30 |  0 |   5 |   5 |   5
   292 |      30 |  0 |   3 |   3 |   3
   293 |      30 |  0 |   7 |   7 |   7
   294 |      30 |  0 |   5 |   4 |   7
   295 |      30 |  0 |   8 |   8 |   8
   296 |      30 |  0 |   5 |   5 |   5
   297 |      30 |  0 |   2 |   2 |   2
   298 |      30 |  0 |   3 |   3 |   3
   299 |      30 |  0 |   6 |   6 |   6
   300 |      30 |  0 |   6 |   3 |   6


============================================================
VALIDAZIONE OUT-OF-SAMPLE
  Scenari: 300 | seme: VALIDATION_SEED=99
  Politica STO: [(70, 99)] (1 archi prenotati)
  Politica EEV: [(70, 97), (70, 99)] (2 archi prenotati)

  Scen |         PI |    STO_val [perc, multa] |    EEV_val [perc, multa]
     1 |        N/A |  1717.1260 [1490.0237, 204.9829] |  1808.8773 [1490.0237, 204.9829]
     2 |        N/A |  1686.1272 [1574.7326, 89.2751] |  1777.8785 [1574.7326, 89.2751]
     3 |        N/A |  1887.1836 [1865.0641, 0.0000] |  1903.5487 [1725.0532, 64.6248]
     4 |        N/A |  1896.4805 [1809.7362, 64.6248] |  1825.4399 [1646.9443, 64.6248]
     5 |        N/A |  2004.6575 [1734.4107, 248.1273] |  1912.9063 [1734.4107, 64.6248]
     6 |        N/A |  1953.8426 [1867.0984, 64.6248] |  1919.0601 [1715.9143, 89.2751]
     7 |        N/A |  1767.7069 [1562.0850, 183.5025] |  1675.9557 [1562.0850, 0.0000]
     8 |        N/A |  1937.6552 [1915.5357, 0.0000] |  2029.4064 [1915.5357, 0.0000]
     9 |        N/A |  1772.2393 [1566.6173, 183.5025] |  1680.4880 [1566.6173, 0.0000]
    10 |        N/A |  2064.0847 [1669.6184, 372.3469] |  1983.1892 [1780.0433, 89.2751]
    11 |        N/A |  1780.8112 [1758.6918, 0.0000] |  1872.5625 [1758.6918, 0.0000]
    12 |        N/A |  1841.3088 [1729.9142, 89.2751] |  1933.0600 [1729.9142, 89.2751]
    13 |        N/A |  1697.4014 [1675.2819, 0.0000] |  1789.1526 [1675.2819, 0.0000]
    14 |        N/A |  1915.4485 [1893.3290, 0.0000] |  2007.1998 [1893.3290, 0.0000]
    15 |        N/A |  1841.5397 [1665.5203, 153.8999] |  1851.7214 [1583.9507, 153.8999]
    16 |        N/A |  1808.4170 [1786.2975, 0.0000] |  1900.1682 [1786.2975, 0.0000]
    17 |        N/A |  1799.2625 [1529.0157, 248.1273] |  1707.5113 [1529.0157, 64.6248]
    18 |        N/A |  1965.7131 [1738.6108, 204.9829] |  1928.9647 [1815.0939, 0.0000]
    19 |        N/A |  1835.8834 [1749.1392, 64.6248] |  1775.5801 [1597.0846, 64.6248]
    20 |        N/A |  1528.0591 [1322.4371, 183.5025] |  1436.3078 [1322.4371, 0.0000]
    21 |        N/A |  1928.9592 [1906.8398, 0.0000] |  1982.7400 [1868.8693, 0.0000]
    22 |        N/A |  1739.8272 [1717.7077, 0.0000] |  1831.5785 [1717.7077, 0.0000]
    23 |        N/A |  1693.0610 [1606.3167, 64.6248] |  1784.8122 [1606.3167, 64.6248]
    24 |        N/A |  1831.7317 [1809.6122, 0.0000] |  1923.4830 [1809.6122, 0.0000]
    25 |        N/A |  1961.7716 [1875.0273, 64.6248] |  2053.5228 [1875.0273, 64.6248]
    26 |        N/A |  1848.1883 [1558.6828, 267.3860] |  1931.1439 [1752.6484, 64.6248]
    27 |        N/A |  2026.4722 [2004.3527, 0.0000] |  2010.0003 [1896.1296, 0.0000]
    28 |        N/A |  1713.0806 [1690.9611, 0.0000] |  1804.8319 [1690.9611, 0.0000]
    29 |        N/A |  1937.0411 [1914.9216, 0.0000] |  2028.7924 [1914.9216, 0.0000]
    30 |        N/A |  2028.5027 [1941.7584, 64.6248] |  2120.2540 [1941.7584, 64.6248]
    31 |        N/A |  1776.6215 [1689.8772, 64.6248] |  1868.3727 [1689.8772, 64.6248]
    32 |        N/A |  1945.7419 [1720.8612, 202.7612] |  2037.4932 [1720.8612, 202.7612]
    33 |        N/A |  1889.9007 [1778.5061, 89.2751] |  1981.6520 [1778.5061, 89.2751]
    34 |        N/A |  1634.1045 [1328.9132, 283.0717] |  1579.9213 [1376.7754, 89.2751]
    35 |        N/A |  1690.2057 [1668.0862, 0.0000] |  1781.9570 [1668.0862, 0.0000]
    36 |        N/A |  1923.2187 [1836.4745, 64.6248] |  2014.9700 [1836.4745, 64.6248]
    37 |        N/A |  2050.0401 [1963.2959, 64.6248] |  2108.9533 [1930.4578, 64.6248]
    38 |        N/A |  1890.2992 [1714.2798, 153.8999] |  1982.0505 [1714.2798, 153.8999]
    39 |        N/A |  1961.8385 [1691.5917, 248.1273] |  1870.0872 [1691.5917, 64.6248]
    40 |        N/A |  1850.6975 [1828.5780, 0.0000] |  1800.7266 [1686.8558, 0.0000]
    41 |        N/A |  1670.1647 [1648.0452, 0.0000] |  1761.9160 [1648.0452, 0.0000]
    42 |        N/A |  1792.8881 [1770.7686, 0.0000] |  1884.6393 [1770.7686, 0.0000]
    43 |        N/A |  1709.4477 [1687.3283, 0.0000] |  1755.7855 [1641.9148, 0.0000]
    44 |        N/A |  1950.1098 [1679.8630, 248.1273] |  1858.3585 [1679.8630, 64.6248]
    45 |        N/A |  1989.0609 [1718.8141, 248.1273] |  1897.3096 [1718.8141, 64.6248]
    46 |        N/A |  1744.8090 [1722.6895, 0.0000] |  1836.5602 [1722.6895, 0.0000]
    47 |        N/A |  1869.6061 [1644.7254, 202.7612] |  1835.0983 [1721.2276, 0.0000]
    48 |        N/A |  1630.8206 [1608.7012, 0.0000] |  1612.8790 [1434.3835, 64.6248]
    49 |        N/A |  1827.8094 [1600.7071, 204.9829] |  1919.5607 [1600.7071, 204.9829]
    50 |        N/A |  1896.3686 [1784.9740, 89.2751] |  1948.1756 [1745.0297, 89.2751]
    51 |        N/A |  1993.5911 [1971.4716, 0.0000] |  1948.2964 [1834.4256, 0.0000]
    52 |        N/A |  1937.0554 [1709.9531, 204.9829] |  1993.8552 [1815.3596, 64.6248]
    53 |        N/A |  1590.0936 [1567.9741, 0.0000] |  1681.8448 [1567.9741, 0.0000]
    54 |        N/A |  1750.3023 [1728.1828, 0.0000] |  1745.5657 [1631.6949, 0.0000]
    55 |        N/A |  1953.1661 [1663.6606, 267.3860] |  1886.5294 [1708.0339, 64.6248]
    56 |        N/A |  2019.7922 [1933.0480, 64.6248] |  1946.2688 [1767.7733, 64.6248]
    57 |        N/A |  1440.9100 [1329.5154, 89.2751] |  1532.6612 [1329.5154, 89.2751]
    58 |        N/A |  1961.6751 [1850.2805, 89.2751] |  1972.6516 [1769.5057, 89.2751]
    59 |        N/A |  1860.5796 [1838.4602, 0.0000] |  1796.0815 [1617.5860, 64.6248]
    60 |        N/A |  1851.8412 [1829.7218, 0.0000] |  1943.5925 [1829.7218, 0.0000]
    61 |        N/A |  1713.6479 [1626.9036, 64.6248] |  1782.5395 [1604.0439, 64.6248]
    62 |        N/A |  1744.9088 [1658.1645, 64.6248] |  1836.6600 [1658.1645, 64.6248]
    63 |        N/A |  1933.2853 [1706.1829, 204.9829] |  1986.2149 [1718.4443, 153.8999]
    64 |        N/A |  1822.1316 [1800.0121, 0.0000] |  1913.8828 [1800.0121, 0.0000]
    65 |        N/A |  1802.1768 [1596.5548, 183.5025] |  1710.4256 [1596.5548, 0.0000]
    66 |        N/A |  1786.6887 [1516.4419, 248.1273] |  1694.9375 [1516.4419, 64.6248]
    67 |        N/A |  1851.3811 [1624.2788, 204.9829] |  1943.1324 [1624.2788, 204.9829]
    68 |        N/A |  1874.1515 [1603.9048, 248.1273] |  1782.4003 [1603.9048, 64.6248]
    69 |        N/A |  1693.1400 [1671.0205, 0.0000] |  1784.8913 [1671.0205, 0.0000]
    70 |        N/A |  1644.2665 [1557.5222, 64.6248] |  1736.0177 [1557.5222, 64.6248]
    71 |        N/A |  1625.8828 [1603.7633, 0.0000] |  1717.6340 [1603.7633, 0.0000]
    72 |        N/A |  1751.1915 [1639.7968, 89.2751] |  1842.9427 [1639.7968, 89.2751]
    73 |        N/A |  1833.5875 [1746.8432, 64.6248] |  1925.3387 [1746.8432, 64.6248]
    74 |        N/A |  1742.0252 [1630.6305, 89.2751] |  1833.7764 [1630.6305, 89.2751]
    75 |        N/A |  1919.3580 [1832.6137, 64.6248] |  1920.7380 [1742.2425, 64.6248]
    76 |        N/A |  1854.3987 [1832.2792, 0.0000] |  1946.1500 [1832.2792, 0.0000]
    77 |        N/A |  1945.5253 [1858.7810, 64.6248] |  1878.9081 [1765.0374, 0.0000]
    78 |        N/A |  1840.4232 [1634.8013, 183.5025] |  1748.6720 [1634.8013, 0.0000]
    79 |        N/A |  1887.8754 [1660.7731, 204.9829] |  1936.1561 [1733.0102, 89.2751]
    80 |        N/A |  1783.3153 [1388.8489, 372.3469] |  1719.3256 [1605.4549, 0.0000]
    81 |        N/A |  1788.3649 [1612.3454, 153.8999] |  1880.1161 [1612.3454, 153.8999]
    82 |        N/A |  1838.6304 [1816.5109, 0.0000] |  1930.3816 [1816.5109, 0.0000]
    83 |        N/A |  1852.2086 [1830.0891, 0.0000] |  1943.9599 [1830.0891, 0.0000]
    84 |        N/A |  1513.8717 [1286.7694, 204.9829] |  1599.6640 [1485.7932, 0.0000]
    85 |        N/A |  1722.8966 [1498.0159, 202.7612] |  1814.6479 [1498.0159, 202.7612]
    86 |        N/A |  1773.4892 [1662.0946, 89.2751] |  1865.2405 [1662.0946, 89.2751]
    87 |        N/A |  1869.0491 [1846.9297, 0.0000] |  1868.8547 [1754.9840, 0.0000]
    88 |        N/A |  1899.1689 [1672.0666, 204.9829] |  1914.3780 [1800.5073, 0.0000]
    89 |        N/A |  1529.5989 [1442.8547, 64.6248] |  1621.3502 [1442.8547, 64.6248]
    90 |        N/A |  2071.7288 [2049.6093, 0.0000] |  2031.6670 [1917.7962, 0.0000]
    91 |        N/A |  1947.2984 [1925.1790, 0.0000] |  2039.0497 [1925.1790, 0.0000]
    92 |        N/A |  1919.6434 [1808.2488, 89.2751] |  1924.3378 [1656.5671, 153.8999]
    93 |        N/A |  1925.9341 [1701.0534, 202.7612] |  2017.6854 [1701.0534, 202.7612]
    94 |        N/A |  1959.5772 [1872.8329, 64.6248] |  1986.0314 [1807.5358, 64.6248]
    95 |        N/A |  1880.3522 [1793.6080, 64.6248] |  1972.1035 [1793.6080, 64.6248]
    96 |        N/A |  1988.8973 [1902.1530, 64.6248] |  1907.3772 [1728.8816, 64.6248]
    97 |        N/A |  1944.6607 [1833.2661, 89.2751] |  1855.7312 [1741.8605, 0.0000]
    98 |        N/A |  2016.2820 [1994.1625, 0.0000] |  1970.0999 [1856.2292, 0.0000]
    99 |        N/A |  1675.5308 [1653.4113, 0.0000] |  1767.2820 [1653.4113, 0.0000]
   100 |        N/A |  1840.4636 [1818.3442, 0.0000] |  1848.2727 [1734.4019, 0.0000]
   101 |        N/A |  1765.7464 [1654.3518, 89.2751] |  1857.4977 [1654.3518, 89.2751]
   102 |        N/A |  1705.7763 [1619.0320, 64.6248] |  1797.5276 [1619.0320, 64.6248]
   103 |        N/A |  1778.0932 [1666.6986, 89.2751] |  1689.1753 [1486.0295, 89.2751]
   104 |        N/A |  1631.7919 [1609.6724, 0.0000] |  1669.7751 [1555.9043, 0.0000]
   105 |        N/A |  1631.6337 [1609.5142, 0.0000] |  1723.3849 [1609.5142, 0.0000]
   106 |        N/A |  1816.1535 [1794.0340, 0.0000] |  1898.4365 [1784.5658, 0.0000]
   107 |        N/A |  1894.0553 [1666.9530, 204.9829] |  1985.8066 [1666.9530, 204.9829]
   108 |        N/A |  1915.2551 [1688.1528, 204.9829] |  2000.4634 [1886.5926, 0.0000]
   109 |        N/A |  1695.2212 [1608.4769, 64.6248] |  1786.9724 [1608.4769, 64.6248]
   110 |        N/A |  1832.3265 [1810.2070, 0.0000] |  1878.6213 [1764.7505, 0.0000]
   111 |        N/A |  2019.9539 [1997.8344, 0.0000] |  1974.9199 [1861.0492, 0.0000]
   112 |        N/A |  1683.4748 [1661.3553, 0.0000] |  1685.5277 [1571.6569, 0.0000]
   113 |        N/A |  1779.0764 [1756.9569, 0.0000] |  1870.8276 [1756.9569, 0.0000]
   114 |        N/A |  1870.7653 [1848.6458, 0.0000] |  1827.5330 [1713.6622, 0.0000]
   115 |        N/A |  1811.8401 [1700.4455, 89.2751] |  1903.5914 [1700.4455, 89.2751]
   116 |        N/A |  1818.0966 [1731.3523, 64.6248] |  1909.8479 [1731.3523, 64.6248]
   117 |        N/A |  1903.8403 [1792.4457, 89.2751] |  1995.5916 [1792.4457, 89.2751]
   118 |        N/A |  1805.0805 [1693.6858, 89.2751] |  1834.0095 [1630.8636, 89.2751]
   119 |        N/A |  1727.3811 [1640.6368, 64.6248] |  1690.2837 [1511.7881, 64.6248]
   120 |        N/A |  1830.8849 [1744.1406, 64.6248] |  1922.6361 [1744.1406, 64.6248]
   121 |        N/A |  1976.1161 [1889.3719, 64.6248] |  1967.4143 [1788.9188, 64.6248]
   122 |        N/A |  1716.2744 [1421.3772, 272.7776] |  1624.5231 [1421.3772, 89.2751]
   123 |        N/A |  1934.3050 [1912.1856, 0.0000] |  1990.4831 [1787.3372, 89.2751]
   124 |        N/A |  1569.0020 [1546.8826, 0.0000] |  1660.7533 [1546.8826, 0.0000]
   125 |        N/A |  1650.5999 [1628.4805, 0.0000] |  1742.3512 [1628.4805, 0.0000]
   126 |        N/A |  1946.5780 [1587.0561, 337.4024] |  1854.8267 [1587.0561, 153.8999]
   127 |        N/A |  1834.7519 [1607.6495, 204.9829] |  1926.5031 [1607.6495, 204.9829]
   128 |        N/A |  1882.4667 [1771.0720, 89.2751] |  1974.2179 [1771.0720, 89.2751]
   129 |        N/A |  1485.8911 [1374.4965, 89.2751] |  1577.6424 [1374.4965, 89.2751]
   130 |        N/A |  1884.9746 [1660.0938, 202.7612] |  1877.9135 [1764.0428, 0.0000]
   131 |        N/A |  1865.9465 [1779.2023, 64.6248] |  1880.5391 [1766.6684, 0.0000]
   132 |        N/A |  1825.4024 [1738.6582, 64.6248] |  1917.1537 [1738.6582, 64.6248]
   133 |        N/A |  1928.2144 [1906.0949, 0.0000] |  1956.2043 [1842.3336, 0.0000]
   134 |        N/A |  1939.0935 [1916.9740, 0.0000] |  1929.0178 [1750.5223, 64.6248]
   135 |        N/A |  1867.1989 [1661.5769, 183.5025] |  1775.4476 [1661.5769, 0.0000]
   136 |        N/A |  1993.4145 [1971.2950, 0.0000] |  2085.1657 [1971.2950, 0.0000]
   137 |        N/A |  1646.8791 [1624.7596, 0.0000] |  1738.6304 [1624.7596, 0.0000]
   138 |        N/A |  1697.6018 [1610.8575, 64.6248] |  1789.3530 [1610.8575, 64.6248]
   139 |        N/A |  1947.6278 [1742.0058, 183.5025] |  1855.8766 [1742.0058, 0.0000]
   140 |        N/A |  1768.2219 [1681.4776, 64.6248] |  1846.5210 [1732.6503, 0.0000]
   141 |        N/A |  1818.6504 [1707.2557, 89.2751] |  1748.5458 [1545.3999, 89.2751]
   142 |        N/A |  1830.0894 [1602.9871, 204.9829] |  1898.8073 [1695.6614, 89.2751]
   143 |        N/A |  1964.4941 [1942.3746, 0.0000] |  1941.4453 [1827.5746, 0.0000]
   144 |        N/A |  1799.4870 [1777.3675, 0.0000] |  1891.2382 [1777.3675, 0.0000]
   145 |        N/A |  1786.5958 [1764.4763, 0.0000] |  1867.9630 [1754.0923, 0.0000]
   146 |        N/A |  1855.8669 [1833.7474, 0.0000] |  1907.6756 [1793.8049, 0.0000]
   147 |        N/A |  1759.4605 [1672.7162, 64.6248] |  1851.2117 [1672.7162, 64.6248]
   148 |        N/A |  1600.0531 [1488.6585, 89.2751] |  1691.8044 [1488.6585, 89.2751]
   149 |        N/A |  1823.0538 [1711.6591, 89.2751] |  1914.8050 [1711.6591, 89.2751]
   150 |        N/A |  1919.8548 [1897.7353, 0.0000] |  2011.6060 [1897.7353, 0.0000]
   151 |        N/A |  1871.4113 [1784.6670, 64.6248] |  1906.0535 [1727.5580, 64.6248]
   152 |        N/A |  1833.9183 [1747.1740, 64.6248] |  1892.3052 [1778.4345, 0.0000]
   153 |        N/A |  1712.8238 [1472.2573, 218.4469] |  1754.2976 [1640.4269, 0.0000]
   154 |        N/A |  1757.3932 [1467.8877, 267.3860] |  1849.1445 [1467.8877, 267.3860]
   155 |        N/A |  1616.6337 [1411.0117, 183.5025] |  1524.8824 [1411.0117, 0.0000]
   156 |        N/A |  2102.8008 [1926.7814, 153.8999] |  2074.6834 [1960.8127, 0.0000]
   157 |        N/A |  1552.2602 [1257.3631, 272.7776] |  1460.5090 [1257.3631, 89.2751]
   158 |        N/A |  1840.3554 [1753.6111, 64.6248] |  1815.2417 [1547.4711, 153.8999]
   159 |        N/A |  1759.1046 [1672.3603, 64.6248] |  1850.8558 [1672.3603, 64.6248]
   160 |        N/A |  1635.5704 [1524.1757, 89.2751] |  1727.3216 [1524.1757, 89.2751]
   161 |        N/A |  1607.7225 [1496.3279, 89.2751] |  1699.4738 [1496.3279, 89.2751]
   162 |        N/A |  2101.0857 [1873.9834, 204.9829] |  2178.7260 [2064.8553, 0.0000]
   163 |        N/A |  1856.7226 [1540.3451, 294.2580] |  1852.0571 [1648.9112, 89.2751]
   164 |        N/A |  1926.2770 [1904.1576, 0.0000] |  1964.9681 [1851.0974, 0.0000]
   165 |        N/A |  1903.6294 [1792.2348, 89.2751] |  1980.3657 [1777.2198, 89.2751]
   166 |        N/A |  1806.0622 [1694.6676, 89.2751] |  1897.8135 [1694.6676, 89.2751]
   167 |        N/A |  1840.1700 [1818.0506, 0.0000] |  1775.9606 [1662.0898, 0.0000]
   168 |        N/A |  1779.4645 [1668.0698, 89.2751] |  1869.2331 [1755.3623, 0.0000]
   169 |        N/A |  1757.7594 [1581.7399, 153.8999] |  1849.5106 [1581.7399, 153.8999]
   170 |        N/A |  1953.3120 [1931.1925, 0.0000] |  1923.7838 [1720.6379, 89.2751]
   171 |        N/A |  1791.5191 [1769.3996, 0.0000] |  1883.2704 [1769.3996, 0.0000]
   172 |        N/A |  2011.1487 [1924.4044, 64.6248] |  1957.1099 [1843.2392, 0.0000]
   173 |        N/A |  1888.9230 [1777.5284, 89.2751] |  1980.6743 [1777.5284, 89.2751]
   174 |        N/A |  1699.5837 [1472.4814, 204.9829] |  1726.7850 [1612.9143, 0.0000]
   175 |        N/A |  1725.1479 [1519.5259, 183.5025] |  1633.3966 [1519.5259, 0.0000]
   176 |        N/A |  1587.8998 [1501.1555, 64.6248] |  1679.6510 [1501.1555, 64.6248]
   177 |        N/A |  1904.1201 [1882.0007, 0.0000] |  1957.9043 [1844.0336, 0.0000]
   178 |        N/A |  1839.0222 [1633.4002, 183.5025] |  1747.2709 [1633.4002, 0.0000]
   179 |        N/A |  2013.2465 [1991.1270, 0.0000] |  2104.9977 [1991.1270, 0.0000]
   180 |        N/A |  2050.0880 [1963.3437, 64.6248] |  2141.8392 [1963.3437, 64.6248]
   181 |        N/A |  1789.2503 [1613.2309, 153.8999] |  1881.0016 [1613.2309, 153.8999]
   182 |        N/A |  1776.4518 [1665.0571, 89.2751] |  1868.2030 [1665.0571, 89.2751]
   183 |        N/A |  1742.9327 [1720.8132, 0.0000] |  1834.6839 [1720.8132, 0.0000]
   184 |        N/A |  1741.3691 [1719.2496, 0.0000] |  1833.1204 [1719.2496, 0.0000]
   185 |        N/A |  1687.3679 [1600.6236, 64.6248] |  1779.1191 [1600.6236, 64.6248]
   186 |        N/A |  1717.4752 [1606.0806, 89.2751] |  1809.2264 [1606.0806, 89.2751]
   187 |        N/A |  1914.5630 [1892.4435, 0.0000] |  2006.3143 [1892.4435, 0.0000]
   188 |        N/A |  1859.0867 [1553.8954, 283.0717] |  1950.8379 [1553.8954, 283.0717]
   189 |        N/A |  2090.0805 [1819.8337, 248.1273] |  1998.3292 [1819.8337, 64.6248]
   190 |        N/A |  1714.1018 [1602.7071, 89.2751] |  1795.4718 [1592.3259, 89.2751]
   191 |        N/A |  1669.0457 [1646.9262, 0.0000] |  1760.7969 [1646.9262, 0.0000]
   192 |        N/A |  1772.4898 [1750.3703, 0.0000] |  1864.2410 [1750.3703, 0.0000]
   193 |        N/A |  1939.0525 [1916.9331, 0.0000] |  2030.8038 [1916.9331, 0.0000]
   194 |        N/A |  1848.3899 [1826.2704, 0.0000] |  1940.1412 [1826.2704, 0.0000]
   195 |        N/A |  1939.4965 [1917.3770, 0.0000] |  2031.2478 [1917.3770, 0.0000]
   196 |        N/A |  1861.4315 [1655.8096, 183.5025] |  1769.6803 [1655.8096, 0.0000]
   197 |        N/A |  1774.1848 [1752.0653, 0.0000] |  1865.9360 [1752.0653, 0.0000]
   198 |        N/A |  1801.4539 [1779.3344, 0.0000] |  1893.2052 [1779.3344, 0.0000]
   199 |        N/A |  1861.3443 [1501.8224, 337.4024] |  1769.5930 [1501.8224, 153.8999]
   200 |        N/A |  1933.3790 [1911.2596, 0.0000] |  1891.0594 [1777.1887, 0.0000]
   201 |        N/A |  1828.4185 [1806.2990, 0.0000] |  1920.1698 [1806.2990, 0.0000]
   202 |        N/A |  1780.3066 [1510.0598, 248.1273] |  1688.5554 [1510.0598, 64.6248]
   203 |        N/A |  1816.3707 [1729.6264, 64.6248] |  1908.1219 [1729.6264, 64.6248]
   204 |        N/A |  1733.2666 [1428.0753, 283.0717] |  1825.0178 [1428.0753, 283.0717]
   205 |        N/A |  1739.0977 [1444.2006, 272.7776] |  1647.3465 [1444.2006, 89.2751]
   206 |        N/A |  1831.8400 [1809.7205, 0.0000] |  1923.5912 [1809.7205, 0.0000]
   207 |        N/A |  1771.1030 [1748.9835, 0.0000] |  1834.1902 [1720.3195, 0.0000]
   208 |        N/A |  1780.5095 [1553.4072, 204.9829] |  1871.1732 [1692.6777, 64.6248]
   209 |        N/A |  1844.7802 [1639.1583, 183.5025] |  1753.0290 [1639.1583, 0.0000]
   210 |        N/A |  2082.5066 [1768.3507, 292.0364] |  2074.9719 [1871.8260, 89.2751]
   211 |        N/A |  1870.3812 [1783.6369, 64.6248] |  1962.1324 [1783.6369, 64.6248]
   212 |        N/A |  1858.7908 [1772.0465, 64.6248] |  1950.5420 [1772.0465, 64.6248]
   213 |        N/A |  1813.1547 [1726.4105, 64.6248] |  1904.9060 [1726.4105, 64.6248]
   214 |        N/A |  1545.3803 [1339.7583, 183.5025] |  1453.6290 [1339.7583, 0.0000]
   215 |        N/A |  1851.9194 [1765.1752, 64.6248] |  1940.7082 [1762.2126, 64.6248]
   216 |        N/A |  2014.1690 [1902.7744, 89.2751] |  2091.6660 [1888.5202, 89.2751]
   217 |        N/A |  1850.4873 [1828.3678, 0.0000] |  1929.2419 [1815.3712, 0.0000]
   218 |        N/A |  1749.5818 [1727.4623, 0.0000] |  1680.3042 [1566.4334, 0.0000]
   219 |        N/A |  1907.6130 [1885.4936, 0.0000] |  1948.4080 [1769.9125, 64.6248]
   220 |        N/A |  1703.6468 [1592.2522, 89.2751] |  1795.3981 [1592.2522, 89.2751]
   221 |        N/A |  1718.8107 [1493.9300, 202.7612] |  1717.8584 [1603.9877, 0.0000]
   222 |        N/A |  1815.4615 [1793.3421, 0.0000] |  1765.5860 [1651.7153, 0.0000]
   223 |        N/A |  1637.6785 [1615.5590, 0.0000] |  1729.4298 [1615.5590, 0.0000]
   224 |        N/A |  1473.7057 [1386.9615, 64.6248] |  1565.4570 [1386.9615, 64.6248]
   225 |        N/A |  1799.2595 [1593.6375, 183.5025] |  1707.5082 [1593.6375, 0.0000]
   226 |        N/A |  1854.5658 [1767.8215, 64.6248] |  1946.3171 [1767.8215, 64.6248]
   227 |        N/A |  1949.4842 [1708.9178, 218.4469] |  2032.1744 [1918.3037, 0.0000]
   228 |        N/A |  1770.7265 [1748.6070, 0.0000] |  1862.4778 [1748.6070, 0.0000]
   229 |        N/A |  1940.3490 [1853.6047, 64.6248] |  1900.8756 [1787.0049, 0.0000]
   230 |        N/A |  1749.0382 [1573.0187, 153.8999] |  1840.7894 [1573.0187, 153.8999]
   231 |        N/A |  1706.9535 [1620.2092, 64.6248] |  1798.7048 [1620.2092, 64.6248]
   232 |        N/A |  1763.3390 [1651.9444, 89.2751] |  1855.0903 [1651.9444, 89.2751]
   233 |        N/A |  1946.8534 [1924.7339, 0.0000] |  1918.7539 [1804.8832, 0.0000]
   234 |        N/A |  1841.5555 [1754.8112, 64.6248] |  1907.2092 [1728.7137, 64.6248]
   235 |        N/A |  2017.8738 [1995.7544, 0.0000] |  2109.6251 [1995.7544, 0.0000]
   236 |        N/A |  1948.7883 [1926.6688, 0.0000] |  2040.5395 [1926.6688, 0.0000]
   237 |        N/A |  1926.0690 [1839.3248, 64.6248] |  1955.2716 [1841.4009, 0.0000]
   238 |        N/A |  1644.9357 [1468.9163, 153.8999] |  1736.6870 [1468.9163, 153.8999]
   239 |        N/A |  1714.4412 [1692.3218, 0.0000] |  1806.1925 [1692.3218, 0.0000]
   240 |        N/A |  1527.0344 [1504.9149, 0.0000] |  1618.7856 [1504.9149, 0.0000]
   241 |        N/A |  1872.8408 [1645.7385, 204.9829] |  1964.5921 [1645.7385, 204.9829]
   242 |        N/A |  1871.5971 [1849.4776, 0.0000] |  1913.2625 [1710.1167, 89.2751]
   243 |        N/A |  1882.7578 [1612.5110, 248.1273] |  1791.0065 [1612.5110, 64.6248]
   244 |        N/A |  1675.7329 [1499.7134, 153.8999] |  1692.2055 [1424.4348, 153.8999]
   245 |        N/A |  1972.7342 [1885.9899, 64.6248] |  2064.4854 [1885.9899, 64.6248]
   246 |        N/A |  1790.7314 [1703.9872, 64.6248] |  1859.7774 [1656.6316, 89.2751]
   247 |        N/A |  1789.0109 [1766.8914, 0.0000] |  1880.7622 [1766.8914, 0.0000]
   248 |        N/A |  1808.9555 [1786.8361, 0.0000] |  1900.7068 [1786.8361, 0.0000]
   249 |        N/A |  1558.9053 [1536.7859, 0.0000] |  1650.6566 [1536.7859, 0.0000]
   250 |        N/A |  1875.1925 [1763.7978, 89.2751] |  1958.9234 [1755.7775, 89.2751]
   251 |        N/A |  1859.4448 [1772.7005, 64.6248] |  1951.1960 [1772.7005, 64.6248]
   252 |        N/A |  1766.2304 [1744.1110, 0.0000] |  1857.9817 [1744.1110, 0.0000]
   253 |        N/A |  1893.1188 [1806.3746, 64.6248] |  1853.0281 [1649.8822, 89.2751]
   254 |        N/A |  1891.5705 [1869.4510, 0.0000] |  1904.9142 [1791.0435, 0.0000]
   255 |        N/A |  1632.3957 [1610.2762, 0.0000] |  1724.1470 [1610.2762, 0.0000]
   256 |        N/A |  1785.2823 [1698.5380, 64.6248] |  1788.0032 [1674.1325, 0.0000]
   257 |        N/A |  1822.4989 [1597.6182, 202.7612] |  1868.5084 [1754.6377, 0.0000]
   258 |        N/A |  1879.2295 [1857.1100, 0.0000] |  1873.0065 [1759.1358, 0.0000]
   259 |        N/A |  2018.7662 [1996.6467, 0.0000] |  2110.5174 [1996.6467, 0.0000]
   260 |        N/A |  1799.6164 [1777.4969, 0.0000] |  1891.3676 [1777.4969, 0.0000]
   261 |        N/A |  1912.8553 [1890.7359, 0.0000] |  2004.6066 [1890.7359, 0.0000]
   262 |        N/A |  1871.0874 [1848.9679, 0.0000] |  1786.7000 [1672.8293, 0.0000]
   263 |        N/A |  1843.9723 [1757.2280, 64.6248] |  1810.9440 [1632.4485, 64.6248]
   264 |        N/A |  1741.7418 [1719.6223, 0.0000] |  1833.4931 [1719.6223, 0.0000]
   265 |        N/A |  1823.3909 [1647.3715, 153.8999] |  1915.1422 [1647.3715, 153.8999]
   266 |        N/A |  1844.9795 [1668.9601, 153.8999] |  1936.7308 [1668.9601, 153.8999]
   267 |        N/A |  1777.3653 [1601.3459, 153.8999] |  1869.1166 [1601.3459, 153.8999]
   268 |        N/A |  1705.2377 [1683.1182, 0.0000] |  1796.9889 [1683.1182, 0.0000]
   269 |        N/A |  1894.9531 [1535.4312, 337.4024] |  1803.2019 [1535.4312, 153.8999]
   270 |        N/A |  1745.5798 [1431.4239, 292.0364] |  1837.3310 [1431.4239, 292.0364]
   271 |        N/A |  1817.7315 [1795.6120, 0.0000] |  1909.4827 [1795.6120, 0.0000]
   272 |        N/A |  1566.3955 [1544.2760, 0.0000] |  1658.1467 [1544.2760, 0.0000]
   273 |        N/A |  1871.9396 [1785.1953, 64.6248] |  1963.6908 [1785.1953, 64.6248]
   274 |        N/A |  1822.0880 [1735.3437, 64.6248] |  1855.6970 [1652.5511, 89.2751]
   275 |        N/A |  1871.0519 [1848.9324, 0.0000] |  1878.6231 [1764.7523, 0.0000]
   276 |        N/A |  1766.4092 [1679.6650, 64.6248] |  1858.1605 [1679.6650, 64.6248]
   277 |        N/A |  1874.5147 [1852.3952, 0.0000] |  1966.2660 [1852.3952, 0.0000]
   278 |        N/A |  2100.7482 [2078.6287, 0.0000] |  2012.0138 [1898.1431, 0.0000]
   279 |        N/A |  1911.8184 [1641.5717, 248.1273] |  1820.0672 [1641.5717, 64.6248]
   280 |        N/A |  1964.2917 [1877.5474, 64.6248] |  2056.0429 [1877.5474, 64.6248]
   281 |        N/A |  1753.0755 [1666.3312, 64.6248] |  1844.8267 [1666.3312, 64.6248]
   282 |        N/A |  1780.8353 [1510.5885, 248.1273] |  1689.0840 [1510.5885, 64.6248]
   283 |        N/A |  1784.4931 [1762.3736, 0.0000] |  1874.7181 [1760.8474, 0.0000]
   284 |        N/A |  1719.0726 [1632.3284, 64.6248] |  1810.8239 [1632.3284, 64.6248]
   285 |        N/A |  1658.1459 [1433.2651, 202.7612] |  1667.6831 [1553.8124, 0.0000]
   286 |        N/A |  1722.1814 [1610.7868, 89.2751] |  1813.9326 [1610.7868, 89.2751]
   287 |        N/A |  1659.6732 [1548.2786, 89.2751] |  1751.4245 [1548.2786, 89.2751]
   288 |        N/A |  1652.3007 [1565.5564, 64.6248] |  1744.0519 [1565.5564, 64.6248]
   289 |        N/A |  1859.6415 [1772.8972, 64.6248] |  1951.3928 [1772.8972, 64.6248]
   290 |        N/A |  2022.9534 [1936.2091, 64.6248] |  2114.7046 [1936.2091, 64.6248]
   291 |        N/A |  1832.6773 [1721.2826, 89.2751] |  1924.4285 [1721.2826, 89.2751]
   292 |        N/A |  1848.1819 [1826.0625, 0.0000] |  1816.1833 [1702.3126, 0.0000]
   293 |        N/A |  1756.0394 [1669.2951, 64.6248] |  1847.7907 [1669.2951, 64.6248]
   294 |        N/A |  1937.6360 [1826.2414, 89.2751] |  1951.2027 [1748.0569, 89.2751]
   295 |        N/A |  1882.2394 [1860.1199, 0.0000] |  1973.9906 [1860.1199, 0.0000]
   296 |        N/A |  1781.4924 [1387.0260, 372.3469] |  1873.2436 [1387.0260, 372.3469]
   297 |        N/A |  1842.7229 [1617.8422, 202.7612] |  1777.4856 [1663.6149, 0.0000]
   298 |        N/A |  1836.1513 [1630.5293, 183.5025] |  1744.4000 [1630.5293, 0.0000]
   299 |        N/A |  1728.6303 [1503.7496, 202.7612] |  1820.3816 [1503.7496, 202.7612]
   300 |        N/A |  1717.5237 [1541.5043, 153.8999] |  1711.2199 [1443.4492, 153.8999]

  MEDIE VALIDAZIONE OUT-OF-SAMPLE
  PI_val  = 0.0000
  STO_val = 1820.4426  (politica x_sto applicata out-of-sample)
  EEV_val = 1859.6566  (politica x_ev  applicata out-of-sample)
  VSS_val = EEV_val - STO_val = 39.2141 (2.1087%)
  Gap PI-STO_val = nan%
============================================================

IMPATTO ARCHI CASUALI - VALIDAZIONE
  Scenari analizzati = 300
  Estrazioni casuali totali scenario-specifiche = 9000
  Archi casuali distinti = 92

  Conteggio degli archi casuali che compaiono nei tour
  PI : distinti usati almeno una volta = 0/92 (0.00%) | occorrenze scenario-specifiche = 0/9000 (0.00%)
  STO: distinti usati almeno una volta = 91/92 (98.91%) | occorrenze scenario-specifiche = 1535/9000 (17.06%)
  EEV: distinti usati almeno una volta = 92/92 (100.00%) | occorrenze scenario-specifiche = 1406/9000 (15.62%)
  ANY: distinti usati in almeno un tour PI/STO/EEV = 92/92 (100.00%) | occorrenze scenario-specifiche = 1718/9000 (19.09%)

  Dettaglio per scenario: sid | casuali | PI | STO | EEV | ANY
     1 |      30 |  0 |   4 |   4 |   4
     2 |      30 |  0 |   5 |   5 |   5
     3 |      30 |  0 |   5 |   3 |   7
     4 |      30 |  0 |   5 |   5 |   6
     5 |      30 |  0 |   3 |   3 |   3
     6 |      30 |  0 |   4 |   6 |   9
     7 |      30 |  0 |   7 |   7 |   7
     8 |      30 |  0 |   6 |   6 |   6
     9 |      30 |  0 |   3 |   3 |   3
    10 |      30 |  0 |   4 |   4 |   7
    11 |      30 |  0 |   6 |   6 |   6
    12 |      30 |  0 |   4 |   4 |   4
    13 |      30 |  0 |   6 |   6 |   6
    14 |      30 |  0 |   7 |   7 |   7
    15 |      30 |  0 |   7 |   4 |   8
    16 |      30 |  0 |   5 |   5 |   5
    17 |      30 |  0 |   4 |   4 |   4
    18 |      30 |  0 |   8 |   5 |  11
    19 |      30 |  0 |   4 |   3 |   4
    20 |      30 |  0 |   5 |   5 |   5
    21 |      30 |  0 |   7 |   4 |   7
    22 |      30 |  0 |   7 |   7 |   7
    23 |      30 |  0 |   3 |   3 |   3
    24 |      30 |  0 |   7 |   7 |   7
    25 |      30 |  0 |   6 |   6 |   6
    26 |      30 |  0 |   3 |   2 |   3
    27 |      30 |  0 |   4 |   3 |   5
    28 |      30 |  0 |   4 |   4 |   4
    29 |      30 |  0 |   7 |   7 |   7
    30 |      30 |  0 |   7 |   7 |   7
    31 |      30 |  0 |   6 |   6 |   6
    32 |      30 |  0 |   7 |   7 |   7
    33 |      30 |  0 |   4 |   4 |   4
    34 |      30 |  0 |   5 |   5 |   6
    35 |      30 |  0 |   5 |   5 |   5
    36 |      30 |  0 |   3 |   3 |   3
    37 |      30 |  0 |   5 |   4 |   8
    38 |      30 |  0 |   3 |   3 |   3
    39 |      30 |  0 |   7 |   7 |   7
    40 |      30 |  0 |   6 |   5 |   6
    41 |      30 |  0 |   6 |   6 |   6
    42 |      30 |  0 |   6 |   6 |   6
    43 |      30 |  0 |   4 |   5 |   6
    44 |      30 |  0 |   3 |   3 |   3
    45 |      30 |  0 |   2 |   2 |   2
    46 |      30 |  0 |   5 |   5 |   5
    47 |      30 |  0 |   6 |   4 |   6
    48 |      30 |  0 |   6 |   4 |   7
    49 |      30 |  0 |   7 |   7 |   7
    50 |      30 |  0 |   7 |   5 |  10
    51 |      30 |  0 |   3 |   3 |   4
    52 |      30 |  0 |   6 |   4 |   9
    53 |      30 |  0 |   6 |   6 |   6
    54 |      30 |  0 |   3 |   5 |   7
    55 |      30 |  0 |   6 |   5 |   6
    56 |      30 |  0 |   4 |   4 |   6
    57 |      30 |  0 |   6 |   6 |   6
    58 |      30 |  0 |   6 |   4 |   8
    59 |      30 |  0 |   4 |   4 |   8
    60 |      30 |  0 |   4 |   4 |   4
    61 |      30 |  0 |   6 |   4 |   6
    62 |      30 |  0 |   5 |   5 |   5
    63 |      30 |  0 |   6 |   3 |   8
    64 |      30 |  0 |   5 |   5 |   5
    65 |      30 |  0 |   4 |   4 |   4
    66 |      30 |  0 |   5 |   5 |   5
    67 |      30 |  0 |   4 |   4 |   4
    68 |      30 |  0 |   3 |   3 |   3
    69 |      30 |  0 |   6 |   6 |   6
    70 |      30 |  0 |   4 |   4 |   4
    71 |      30 |  0 |   5 |   5 |   5
    72 |      30 |  0 |   7 |   7 |   7
    73 |      30 |  0 |   7 |   7 |   7
    74 |      30 |  0 |   4 |   4 |   4
    75 |      30 |  0 |   5 |   4 |   6
    76 |      30 |  0 |   6 |   6 |   6
    77 |      30 |  0 |   6 |   5 |   7
    78 |      30 |  0 |   2 |   2 |   2
    79 |      30 |  0 |   4 |   2 |   4
    80 |      30 |  0 |   2 |   5 |   7
    81 |      30 |  0 |   3 |   3 |   3
    82 |      30 |  0 |   7 |   7 |   7
    83 |      30 |  0 |   5 |   5 |   5
    84 |      30 |  0 |   3 |   3 |   5
    85 |      30 |  0 |   5 |   5 |   5
    86 |      30 |  0 |   5 |   5 |   5
    87 |      30 |  0 |   5 |   5 |   5
    88 |      30 |  0 |   6 |   3 |   7
    89 |      30 |  0 |   7 |   7 |   7
    90 |      30 |  0 |   5 |   3 |   6
    91 |      30 |  0 |   8 |   8 |   8
    92 |      30 |  0 |   6 |   2 |   6
    93 |      30 |  0 |   4 |   4 |   4
    94 |      30 |  0 |   4 |   3 |   7
    95 |      30 |  0 |   6 |   6 |   6
    96 |      30 |  0 |   5 |   7 |   7
    97 |      30 |  0 |   4 |   3 |   6
    98 |      30 |  0 |   5 |   7 |  10
    99 |      30 |  0 |   8 |   8 |   8
   100 |      30 |  0 |   6 |   4 |   7
   101 |      30 |  0 |   6 |   6 |   6
   102 |      30 |  0 |   4 |   4 |   4
   103 |      30 |  0 |   4 |   3 |   4
   104 |      30 |  0 |   5 |   3 |   5
   105 |      30 |  0 |   7 |   7 |   7
   106 |      30 |  0 |   7 |   7 |  11
   107 |      30 |  0 |   5 |   5 |   5
   108 |      30 |  0 |   5 |   3 |   6
   109 |      30 |  0 |   5 |   5 |   5
   110 |      30 |  0 |   3 |   2 |   3
   111 |      30 |  0 |   8 |   5 |  10
   112 |      30 |  0 |   8 |   7 |   8
   113 |      30 |  0 |   4 |   4 |   4
   114 |      30 |  0 |   5 |   4 |   7
   115 |      30 |  0 |   8 |   8 |   8
   116 |      30 |  0 |   6 |   6 |   6
   117 |      30 |  0 |   6 |   6 |   6
   118 |      30 |  0 |   7 |   5 |   7
   119 |      30 |  0 |   3 |   3 |   6
   120 |      30 |  0 |   5 |   5 |   5
   121 |      30 |  0 |   6 |   4 |  10
   122 |      30 |  0 |   5 |   5 |   5
   123 |      30 |  0 |   3 |   2 |   5
   124 |      30 |  0 |   4 |   4 |   4
   125 |      30 |  0 |   7 |   7 |   7
   126 |      30 |  0 |   2 |   2 |   2
   127 |      30 |  0 |   6 |   6 |   6
   128 |      30 |  0 |   5 |   5 |   5
   129 |      30 |  0 |   7 |   7 |   7
   130 |      30 |  0 |   5 |   4 |   7
   131 |      30 |  0 |   6 |   4 |   8
   132 |      30 |  0 |   3 |   3 |   3
   133 |      30 |  0 |   5 |   2 |   6
   134 |      30 |  0 |   4 |   3 |   5
   135 |      30 |  0 |   5 |   5 |   5
   136 |      30 |  0 |   5 |   5 |   5
   137 |      30 |  0 |   6 |   6 |   6
   138 |      30 |  0 |   4 |   4 |   4
   139 |      30 |  0 |   4 |   4 |   4
   140 |      30 |  0 |   5 |   2 |   6
   141 |      30 |  0 |   5 |   5 |   8
   142 |      30 |  0 |   4 |   4 |   7
   143 |      30 |  0 |   4 |   4 |   7
   144 |      30 |  0 |   8 |   8 |   8
   145 |      30 |  0 |   6 |   4 |   8
   146 |      30 |  0 |   4 |   4 |   6
   147 |      30 |  0 |   6 |   6 |   6
   148 |      30 |  0 |   8 |   8 |   8
   149 |      30 |  0 |   6 |   6 |   6
   150 |      30 |  0 |   3 |   3 |   3
   151 |      30 |  0 |   4 |   3 |   4
   152 |      30 |  0 |   5 |   5 |   8
   153 |      30 |  0 |   5 |   4 |   7
   154 |      30 |  0 |   5 |   5 |   5
   155 |      30 |  0 |   5 |   5 |   5
   156 |      30 |  0 |   3 |   2 |   5
   157 |      30 |  0 |   4 |   4 |   4
   158 |      30 |  0 |   7 |   3 |   8
   159 |      30 |  0 |   3 |   3 |   3
   160 |      30 |  0 |   4 |   4 |   4
   161 |      30 |  0 |   4 |   4 |   4
   162 |      30 |  0 |   4 |   3 |   7
   163 |      30 |  0 |   7 |   7 |   8
   164 |      30 |  0 |   6 |   4 |   6
   165 |      30 |  0 |   4 |   3 |   6
   166 |      30 |  0 |   4 |   4 |   4
   167 |      30 |  0 |   5 |   5 |   7
   168 |      30 |  0 |   6 |   4 |   6
   169 |      30 |  0 |   4 |   4 |   4
   170 |      30 |  0 |   5 |   4 |   7
   171 |      30 |  0 |   5 |   5 |   5
   172 |      30 |  0 |   6 |   5 |   8
   173 |      30 |  0 |   4 |   4 |   4
   174 |      30 |  0 |   5 |   4 |   6
   175 |      30 |  0 |   6 |   6 |   6
   176 |      30 |  0 |   7 |   7 |   7
   177 |      30 |  0 |   4 |   3 |   4
   178 |      30 |  0 |   5 |   5 |   5
   179 |      30 |  0 |   3 |   3 |   3
   180 |      30 |  0 |   5 |   5 |   5
   181 |      30 |  0 |   3 |   3 |   3
   182 |      30 |  0 |   5 |   5 |   5
   183 |      30 |  0 |   4 |   4 |   4
   184 |      30 |  0 |   4 |   4 |   4
   185 |      30 |  0 |   3 |   3 |   3
   186 |      30 |  0 |   7 |   7 |   7
   187 |      30 |  0 |   5 |   5 |   5
   188 |      30 |  0 |   6 |   6 |   6
   189 |      30 |  0 |   3 |   3 |   3
   190 |      30 |  0 |   7 |   6 |   8
   191 |      30 |  0 |   4 |   4 |   4
   192 |      30 |  0 |   5 |   5 |   5
   193 |      30 |  0 |   5 |   5 |   5
   194 |      30 |  0 |   5 |   5 |   5
   195 |      30 |  0 |   6 |   6 |   6
   196 |      30 |  0 |   4 |   4 |   4
   197 |      30 |  0 |   4 |   4 |   4
   198 |      30 |  0 |   6 |   6 |   6
   199 |      30 |  0 |   6 |   6 |   6
   200 |      30 |  0 |   6 |   6 |   9
   201 |      30 |  0 |   6 |   6 |   6
   202 |      30 |  0 |   2 |   2 |   2
   203 |      30 |  0 |   5 |   5 |   5
   204 |      30 |  0 |   4 |   4 |   4
   205 |      30 |  0 |   5 |   5 |   5
   206 |      30 |  0 |   4 |   4 |   4
   207 |      30 |  0 |   5 |   5 |   7
   208 |      30 |  0 |   8 |   5 |  10
   209 |      30 |  0 |   3 |   3 |   3
   210 |      30 |  0 |   4 |   3 |   4
   211 |      30 |  0 |   7 |   7 |   7
   212 |      30 |  0 |   4 |   4 |   4
   213 |      30 |  0 |   4 |   4 |   4
   214 |      30 |  0 |   7 |   7 |   7
   215 |      30 |  0 |   6 |   3 |   6
   216 |      30 |  0 |   4 |   4 |   7
   217 |      30 |  0 |   5 |   4 |   6
   218 |      30 |  0 |   6 |   4 |   6
   219 |      30 |  0 |   5 |   3 |   7
   220 |      30 |  0 |   6 |   6 |   6
   221 |      30 |  0 |   5 |   4 |   5
   222 |      30 |  0 |   6 |   6 |   7
   223 |      30 |  0 |   8 |   8 |   8
   224 |      30 |  0 |   5 |   5 |   5
   225 |      30 |  0 |   4 |   4 |   4
   226 |      30 |  0 |   4 |   4 |   4
   227 |      30 |  0 |   4 |   5 |   7
   228 |      30 |  0 |   5 |   5 |   5
   229 |      30 |  0 |   5 |   3 |   7
   230 |      30 |  0 |   5 |   5 |   5
   231 |      30 |  0 |   5 |   5 |   5
   232 |      30 |  0 |   3 |   3 |   3
   233 |      30 |  0 |   7 |   5 |   8
   234 |      30 |  0 |   5 |   3 |   8
   235 |      30 |  0 |   3 |   3 |   3
   236 |      30 |  0 |   3 |   3 |   3
   237 |      30 |  0 |   5 |   5 |   7
   238 |      30 |  0 |   6 |   6 |   6
   239 |      30 |  0 |   3 |   3 |   3
   240 |      30 |  0 |   5 |   5 |   5
   241 |      30 |  0 |   4 |   4 |   4
   242 |      30 |  0 |   4 |   3 |   6
   243 |      30 |  0 |   5 |   5 |   5
   244 |      30 |  0 |   5 |   2 |   5
   245 |      30 |  0 |   5 |   5 |   5
   246 |      30 |  0 |   5 |   4 |   7
   247 |      30 |  0 |   4 |   4 |   4
   248 |      30 |  0 |   7 |   7 |   7
   249 |      30 |  0 |   6 |   6 |   6
   250 |      30 |  0 |   5 |   1 |   5
   251 |      30 |  0 |   6 |   6 |   6
   252 |      30 |  0 |   6 |   6 |   6
   253 |      30 |  0 |   6 |   3 |   7
   254 |      30 |  0 |   5 |   3 |   7
   255 |      30 |  0 |   5 |   5 |   5
   256 |      30 |  0 |   6 |   5 |  10
   257 |      30 |  0 |   6 |   6 |   8
   258 |      30 |  0 |   5 |   4 |   7
   259 |      30 |  0 |   6 |   6 |   6
   260 |      30 |  0 |   5 |   5 |   5
   261 |      30 |  0 |   6 |   6 |   6
   262 |      30 |  0 |   7 |   6 |  10
   263 |      30 |  0 |   5 |   3 |   6
   264 |      30 |  0 |   7 |   7 |   7
   265 |      30 |  0 |   5 |   5 |   5
   266 |      30 |  0 |   6 |   6 |   6
   267 |      30 |  0 |   5 |   5 |   5
   268 |      30 |  0 |   5 |   5 |   5
   269 |      30 |  0 |   3 |   3 |   3
   270 |      30 |  0 |   4 |   4 |   4
   271 |      30 |  0 |   5 |   5 |   5
   272 |      30 |  0 |   6 |   6 |   6
   273 |      30 |  0 |   6 |   6 |   6
   274 |      30 |  0 |   5 |   3 |   8
   275 |      30 |  0 |   5 |   4 |   8
   276 |      30 |  0 |   5 |   5 |   5
   277 |      30 |  0 |   5 |   5 |   5
   278 |      30 |  0 |   4 |   4 |   7
   279 |      30 |  0 |   7 |   7 |   7
   280 |      30 |  0 |   5 |   5 |   5
   281 |      30 |  0 |   7 |   7 |   7
   282 |      30 |  0 |   5 |   5 |   5
   283 |      30 |  0 |   6 |   4 |   6
   284 |      30 |  0 |   8 |   8 |   8
   285 |      30 |  0 |   3 |   3 |   3
   286 |      30 |  0 |   7 |   7 |   7
   287 |      30 |  0 |   8 |   8 |   8
   288 |      30 |  0 |   7 |   7 |   7
   289 |      30 |  0 |   5 |   5 |   5
   290 |      30 |  0 |   6 |   6 |   6
   291 |      30 |  0 |   5 |   5 |   5
   292 |      30 |  0 |   3 |   3 |   3
   293 |      30 |  0 |   7 |   7 |   7
   294 |      30 |  0 |   5 |   4 |   7
   295 |      30 |  0 |   8 |   8 |   8
   296 |      30 |  0 |   5 |   5 |   5
   297 |      30 |  0 |   2 |   2 |   2
   298 |      30 |  0 |   3 |   3 |   3
   299 |      30 |  0 |   6 |   6 |   6
   300 |      30 |  0 |   6 |   3 |   6


============================================================
VALIDAZIONE OUT-OF-SAMPLE
  Scenari: 300 | seme: VALIDATION_SEED=99
  Politica STO: [(70, 99)] (1 archi prenotati)
  Politica EEV: [(70, 97), (70, 99)] (2 archi prenotati)

  Scen |         PI |    STO_val [perc, multa] |    EEV_val [perc, multa]
     1 |  1490.0237 |  1717.1260 [1490.0237, 204.9829] |  1808.8773 [1490.0237, 204.9829]
     2 |  1574.7326 |  1686.1272 [1574.7326, 89.2751] |  1777.8785 [1574.7326, 89.2751]
     3 |  1725.0532 |  1887.1836 [1865.0641, 0.0000] |  1903.5487 [1725.0532, 64.6248]
     4 |  1646.9443 |  1896.4805 [1809.7362, 64.6248] |  1825.4399 [1646.9443, 64.6248]
     5 |  1734.4107 |  2004.6575 [1734.4107, 248.1273] |  1912.9063 [1734.4107, 64.6248]
     6 |  1701.5052 |  1953.8426 [1867.0984, 64.6248] |  1919.0601 [1715.9143, 89.2751]
     7 |  1487.4332 |  1767.7069 [1562.0850, 183.5025] |  1675.9557 [1562.0850, 0.0000]
     8 |  1755.9355 |  1937.6552 [1915.5357, 0.0000] |  2029.4064 [1915.5357, 0.0000]
     9 |  1482.5271 |  1772.2393 [1566.6173, 183.5025] |  1680.4880 [1566.6173, 0.0000]
    10 |  1669.6184 |  2064.0847 [1669.6184, 372.3469] |  1983.1892 [1780.0433, 89.2751]
    11 |  1638.1129 |  1780.8112 [1758.6918, 0.0000] |  1872.5625 [1758.6918, 0.0000]
    12 |  1686.8051 |  1841.3088 [1729.9142, 89.2751] |  1933.0600 [1729.9142, 89.2751]
    13 |  1675.2819 |  1697.4014 [1675.2819, 0.0000] |  1789.1526 [1675.2819, 0.0000]
    14 |  1586.5659 |  1915.4485 [1893.3290, 0.0000] |  2007.1998 [1893.3290, 0.0000]
    15 |  1583.2326 |  1841.5397 [1665.5203, 153.8999] |  1851.7214 [1583.9507, 153.8999]
    16 |  1714.2937 |  1808.4170 [1786.2975, 0.0000] |  1900.1682 [1786.2975, 0.0000]
    17 |  1505.5491 |  1799.2625 [1529.0157, 248.1273] |  1707.5113 [1529.0157, 64.6248]
    18 |  1713.0222 |  1965.7131 [1738.6108, 204.9829] |  1928.9647 [1815.0939, 0.0000]
    19 |  1597.0846 |  1835.8834 [1749.1392, 64.6248] |  1775.5801 [1597.0846, 64.6248]
    20 |  1296.7926 |  1528.0591 [1322.4371, 183.5025] |  1436.3078 [1322.4371, 0.0000]
    21 |  1814.6277 |  1928.9592 [1906.8398, 0.0000] |  1982.7400 [1868.8693, 0.0000]
    22 |  1589.0244 |  1739.8272 [1717.7077, 0.0000] |  1831.5785 [1717.7077, 0.0000]
    23 |  1606.3167 |  1693.0610 [1606.3167, 64.6248] |  1784.8122 [1606.3167, 64.6248]
    24 |  1647.8703 |  1831.7317 [1809.6122, 0.0000] |  1923.4830 [1809.6122, 0.0000]
    25 |  1691.7823 |  1961.7716 [1875.0273, 64.6248] |  2053.5228 [1875.0273, 64.6248]
    26 |  1558.6828 |  1848.1883 [1558.6828, 267.3860] |  1931.1439 [1752.6484, 64.6248]
    27 |  1833.0329 |  2026.4722 [2004.3527, 0.0000] |  2010.0003 [1896.1296, 0.0000]
    28 |  1690.9611 |  1713.0806 [1690.9611, 0.0000] |  1804.8319 [1690.9611, 0.0000]
    29 |  1770.5438 |  1937.0411 [1914.9216, 0.0000] |  2028.7924 [1914.9216, 0.0000]
    30 |  1856.0967 |  2028.5027 [1941.7584, 64.6248] |  2120.2540 [1941.7584, 64.6248]
    31 |  1489.8193 |  1776.6215 [1689.8772, 64.6248] |  1868.3727 [1689.8772, 64.6248]
    32 |  1571.6270 |  1945.7419 [1720.8612, 202.7612] |  2037.4932 [1720.8612, 202.7612]
    33 |  1714.7481 |  1889.9007 [1778.5061, 89.2751] |  1981.6520 [1778.5061, 89.2751]
    34 |  1328.9132 |  1634.1045 [1328.9132, 283.0717] |  1579.9213 [1376.7754, 89.2751]
    35 |  1596.2207 |  1690.2057 [1668.0862, 0.0000] |  1781.9570 [1668.0862, 0.0000]
    36 |  1836.4745 |  1923.2187 [1836.4745, 64.6248] |  2014.9700 [1836.4745, 64.6248]
    37 |  1843.6047 |  2050.0401 [1963.2959, 64.6248] |  2108.9533 [1930.4578, 64.6248]
    38 |  1714.2798 |  1890.2992 [1714.2798, 153.8999] |  1982.0505 [1714.2798, 153.8999]
    39 |  1691.5917 |  1961.8385 [1691.5917, 248.1273] |  1870.0872 [1691.5917, 64.6248]
    40 |  1686.8558 |  1850.6975 [1828.5780, 0.0000] |  1800.7266 [1686.8558, 0.0000]
    41 |  1641.2549 |  1670.1647 [1648.0452, 0.0000] |  1761.9160 [1648.0452, 0.0000]
    42 |  1588.6888 |  1792.8881 [1770.7686, 0.0000] |  1884.6393 [1770.7686, 0.0000]
    43 |  1576.6377 |  1709.4477 [1687.3283, 0.0000] |  1755.7855 [1641.9148, 0.0000]
    44 |  1623.4914 |  1950.1098 [1679.8630, 248.1273] |  1858.3585 [1679.8630, 64.6248]
    45 |  1718.8141 |  1989.0609 [1718.8141, 248.1273] |  1897.3096 [1718.8141, 64.6248]
    46 |  1722.6895 |  1744.8090 [1722.6895, 0.0000] |  1836.5602 [1722.6895, 0.0000]
    47 |  1575.2129 |  1869.6061 [1644.7254, 202.7612] |  1835.0983 [1721.2276, 0.0000]
    48 |  1434.3835 |  1630.8206 [1608.7012, 0.0000] |  1612.8790 [1434.3835, 64.6248]
    49 |  1600.7071 |  1827.8094 [1600.7071, 204.9829] |  1919.5607 [1600.7071, 204.9829]
    50 |  1717.7835 |  1896.3686 [1784.9740, 89.2751] |  1948.1756 [1745.0297, 89.2751]
    51 |  1832.3858 |  1993.5911 [1971.4716, 0.0000] |  1948.2964 [1834.4256, 0.0000]
    52 |  1627.0884 |  1937.0554 [1709.9531, 204.9829] |  1993.8552 [1815.3596, 64.6248]
    53 |  1436.6960 |  1590.0936 [1567.9741, 0.0000] |  1681.8448 [1567.9741, 0.0000]
    54 |  1610.1302 |  1750.3023 [1728.1828, 0.0000] |  1745.5657 [1631.6949, 0.0000]
    55 |  1663.6606 |  1953.1661 [1663.6606, 267.3860] |  1886.5294 [1708.0339, 64.6248]
    56 |  1683.4257 |  2019.7922 [1933.0480, 64.6248] |  1946.2688 [1767.7733, 64.6248]
    57 |  1329.5154 |  1440.9100 [1329.5154, 89.2751] |  1532.6612 [1329.5154, 89.2751]
    58 |  1757.5896 |  1961.6751 [1850.2805, 89.2751] |  1972.6516 [1769.5057, 89.2751]
    59 |  1617.5860 |  1860.5796 [1838.4602, 0.0000] |  1796.0815 [1617.5860, 64.6248]
    60 |  1734.1250 |  1851.8412 [1829.7218, 0.0000] |  1943.5925 [1829.7218, 0.0000]
    61 |  1572.8102 |  1713.6479 [1626.9036, 64.6248] |  1782.5395 [1604.0439, 64.6248]
    62 |  1575.7930 |  1744.9088 [1658.1645, 64.6248] |  1836.6600 [1658.1645, 64.6248]
    63 |  1706.1829 |  1933.2853 [1706.1829, 204.9829] |  1986.2149 [1718.4443, 153.8999]
    64 |  1589.0867 |  1822.1316 [1800.0121, 0.0000] |  1913.8828 [1800.0121, 0.0000]
    65 |  1596.5548 |  1802.1768 [1596.5548, 183.5025] |  1710.4256 [1596.5548, 0.0000]
    66 |  1516.2099 |  1786.6887 [1516.4419, 248.1273] |  1694.9375 [1516.4419, 64.6248]
    67 |  1610.1060 |  1851.3811 [1624.2788, 204.9829] |  1943.1324 [1624.2788, 204.9829]
    68 |  1603.9048 |  1874.1515 [1603.9048, 248.1273] |  1782.4003 [1603.9048, 64.6248]
    69 |  1671.0205 |  1693.1400 [1671.0205, 0.0000] |  1784.8913 [1671.0205, 0.0000]
    70 |  1437.7535 |  1644.2665 [1557.5222, 64.6248] |  1736.0177 [1557.5222, 64.6248]
    71 |  1566.4882 |  1625.8828 [1603.7633, 0.0000] |  1717.6340 [1603.7633, 0.0000]
    72 |  1639.7968 |  1751.1915 [1639.7968, 89.2751] |  1842.9427 [1639.7968, 89.2751]
    73 |  1737.5412 |  1833.5875 [1746.8432, 64.6248] |  1925.3387 [1746.8432, 64.6248]
    74 |  1630.6305 |  1742.0252 [1630.6305, 89.2751] |  1833.7764 [1630.6305, 89.2751]
    75 |  1632.3549 |  1919.3580 [1832.6137, 64.6248] |  1920.7380 [1742.2425, 64.6248]
    76 |  1832.2792 |  1854.3987 [1832.2792, 0.0000] |  1946.1500 [1832.2792, 0.0000]
    77 |  1753.1468 |  1945.5253 [1858.7810, 64.6248] |  1878.9081 [1765.0374, 0.0000]
    78 |  1624.1201 |  1840.4232 [1634.8013, 183.5025] |  1748.6720 [1634.8013, 0.0000]
    79 |  1660.7731 |  1887.8754 [1660.7731, 204.9829] |  1936.1561 [1733.0102, 89.2751]
    80 |  1388.8489 |  1783.3153 [1388.8489, 372.3469] |  1719.3256 [1605.4549, 0.0000]
    81 |  1469.3939 |  1788.3649 [1612.3454, 153.8999] |  1880.1161 [1612.3454, 153.8999]
    82 |  1729.3451 |  1838.6304 [1816.5109, 0.0000] |  1930.3816 [1816.5109, 0.0000]
    83 |  1726.9942 |  1852.2086 [1830.0891, 0.0000] |  1943.9599 [1830.0891, 0.0000]
    84 |  1286.7694 |  1513.8717 [1286.7694, 204.9829] |  1599.6640 [1485.7932, 0.0000]
    85 |  1498.0159 |  1722.8966 [1498.0159, 202.7612] |  1814.6479 [1498.0159, 202.7612]
    86 |  1655.6125 |  1773.4892 [1662.0946, 89.2751] |  1865.2405 [1662.0946, 89.2751]
    87 |  1722.5038 |  1869.0491 [1846.9297, 0.0000] |  1868.8547 [1754.9840, 0.0000]
    88 |  1672.0666 |  1899.1689 [1672.0666, 204.9829] |  1914.3780 [1800.5073, 0.0000]
    89 |  1292.3998 |  1529.5989 [1442.8547, 64.6248] |  1621.3502 [1442.8547, 64.6248]
    90 |  1738.9856 |  2071.7288 [2049.6093, 0.0000] |  2031.6670 [1917.7962, 0.0000]
    91 |  1756.7973 |  1947.2984 [1925.1790, 0.0000] |  2039.0497 [1925.1790, 0.0000]
    92 |  1656.5671 |  1919.6434 [1808.2488, 89.2751] |  1924.3378 [1656.5671, 153.8999]
    93 |  1636.3908 |  1925.9341 [1701.0534, 202.7612] |  2017.6854 [1701.0534, 202.7612]
    94 |  1807.5358 |  1959.5772 [1872.8329, 64.6248] |  1986.0314 [1807.5358, 64.6248]
    95 |  1622.8059 |  1880.3522 [1793.6080, 64.6248] |  1972.1035 [1793.6080, 64.6248]
    96 |  1612.7344 |  1988.8973 [1902.1530, 64.6248] |  1907.3772 [1728.8816, 64.6248]
    97 |  1668.3234 |  1944.6607 [1833.2661, 89.2751] |  1855.7312 [1741.8605, 0.0000]
    98 |  1856.2292 |  2016.2820 [1994.1625, 0.0000] |  1970.0999 [1856.2292, 0.0000]
    99 |  1513.8377 |  1675.5308 [1653.4113, 0.0000] |  1767.2820 [1653.4113, 0.0000]
   100 |  1601.3717 |  1840.4636 [1818.3442, 0.0000] |  1848.2727 [1734.4019, 0.0000]
   101 |  1654.3518 |  1765.7464 [1654.3518, 89.2751] |  1857.4977 [1654.3518, 89.2751]
   102 |  1599.8549 |  1705.7763 [1619.0320, 64.6248] |  1797.5276 [1619.0320, 64.6248]
   103 |  1486.0295 |  1778.0932 [1666.6986, 89.2751] |  1689.1753 [1486.0295, 89.2751]
   104 |  1555.9043 |  1631.7919 [1609.6724, 0.0000] |  1669.7751 [1555.9043, 0.0000]
   105 |  1562.2010 |  1631.6337 [1609.5142, 0.0000] |  1723.3849 [1609.5142, 0.0000]
   106 |  1641.3141 |  1816.1535 [1794.0340, 0.0000] |  1898.4365 [1784.5658, 0.0000]
   107 |  1666.9530 |  1894.0553 [1666.9530, 204.9829] |  1985.8066 [1666.9530, 204.9829]
   108 |  1688.1528 |  1915.2551 [1688.1528, 204.9829] |  2000.4634 [1886.5926, 0.0000]
   109 |  1608.4769 |  1695.2212 [1608.4769, 64.6248] |  1786.9724 [1608.4769, 64.6248]
   110 |  1764.7505 |  1832.3265 [1810.2070, 0.0000] |  1878.6213 [1764.7505, 0.0000]
   111 |  1788.5497 |  2019.9539 [1997.8344, 0.0000] |  1974.9199 [1861.0492, 0.0000]
   112 |  1566.6585 |  1683.4748 [1661.3553, 0.0000] |  1685.5277 [1571.6569, 0.0000]
   113 |  1610.3632 |  1779.0764 [1756.9569, 0.0000] |  1870.8276 [1756.9569, 0.0000]
   114 |  1654.1446 |  1870.7653 [1848.6458, 0.0000] |  1827.5330 [1713.6622, 0.0000]
   115 |  1698.7009 |  1811.8401 [1700.4455, 89.2751] |  1903.5914 [1700.4455, 89.2751]
   116 |  1678.7060 |  1818.0966 [1731.3523, 64.6248] |  1909.8479 [1731.3523, 64.6248]
   117 |  1648.9448 |  1903.8403 [1792.4457, 89.2751] |  1995.5916 [1792.4457, 89.2751]
   118 |  1522.9810 |  1805.0805 [1693.6858, 89.2751] |  1834.0095 [1630.8636, 89.2751]
   119 |  1459.7108 |  1727.3811 [1640.6368, 64.6248] |  1690.2837 [1511.7881, 64.6248]
   120 |  1744.1406 |  1830.8849 [1744.1406, 64.6248] |  1922.6361 [1744.1406, 64.6248]
   121 |  1788.9188 |  1976.1161 [1889.3719, 64.6248] |  1967.4143 [1788.9188, 64.6248]
   122 |  1421.3772 |  1716.2744 [1421.3772, 272.7776] |  1624.5231 [1421.3772, 89.2751]
   123 |  1716.7750 |  1934.3050 [1912.1856, 0.0000] |  1990.4831 [1787.3372, 89.2751]
   124 |  1546.8826 |  1569.0020 [1546.8826, 0.0000] |  1660.7533 [1546.8826, 0.0000]
   125 |  1628.4805 |  1650.5999 [1628.4805, 0.0000] |  1742.3512 [1628.4805, 0.0000]
   126 |  1587.0561 |  1946.5780 [1587.0561, 337.4024] |  1854.8267 [1587.0561, 153.8999]
   127 |  1607.6495 |  1834.7519 [1607.6495, 204.9829] |  1926.5031 [1607.6495, 204.9829]
   128 |  1700.4185 |  1882.4667 [1771.0720, 89.2751] |  1974.2179 [1771.0720, 89.2751]
   129 |  1374.4965 |  1485.8911 [1374.4965, 89.2751] |  1577.6424 [1374.4965, 89.2751]
   130 |  1561.3920 |  1884.9746 [1660.0938, 202.7612] |  1877.9135 [1764.0428, 0.0000]
   131 |  1766.2089 |  1865.9465 [1779.2023, 64.6248] |  1880.5391 [1766.6684, 0.0000]
   132 |  1738.6582 |  1825.4024 [1738.6582, 64.6248] |  1917.1537 [1738.6582, 64.6248]
   133 |  1826.7527 |  1928.2144 [1906.0949, 0.0000] |  1956.2043 [1842.3336, 0.0000]
   134 |  1750.5223 |  1939.0935 [1916.9740, 0.0000] |  1929.0178 [1750.5223, 64.6248]
   135 |  1647.8453 |  1867.1989 [1661.5769, 183.5025] |  1775.4476 [1661.5769, 0.0000]
   136 |  1824.0483 |  1993.4145 [1971.2950, 0.0000] |  2085.1657 [1971.2950, 0.0000]
   137 |  1612.2180 |  1646.8791 [1624.7596, 0.0000] |  1738.6304 [1624.7596, 0.0000]
   138 |  1608.4338 |  1697.6018 [1610.8575, 64.6248] |  1789.3530 [1610.8575, 64.6248]
   139 |  1682.7987 |  1947.6278 [1742.0058, 183.5025] |  1855.8766 [1742.0058, 0.0000]
   140 |  1681.4776 |  1768.2219 [1681.4776, 64.6248] |  1846.5210 [1732.6503, 0.0000]
   141 |  1545.3999 |  1818.6504 [1707.2557, 89.2751] |  1748.5458 [1545.3999, 89.2751]
   142 |  1602.9871 |  1830.0894 [1602.9871, 204.9829] |  1898.8073 [1695.6614, 89.2751]
   143 |  1744.3784 |  1964.4941 [1942.3746, 0.0000] |  1941.4453 [1827.5746, 0.0000]
   144 |  1777.3675 |  1799.4870 [1777.3675, 0.0000] |  1891.2382 [1777.3675, 0.0000]
   145 |  1733.1331 |  1786.5958 [1764.4763, 0.0000] |  1867.9630 [1754.0923, 0.0000]
   146 |  1676.9201 |  1855.8669 [1833.7474, 0.0000] |  1907.6756 [1793.8049, 0.0000]
   147 |  1672.7162 |  1759.4605 [1672.7162, 64.6248] |  1851.2117 [1672.7162, 64.6248]
   148 |  1488.6585 |  1600.0531 [1488.6585, 89.2751] |  1691.8044 [1488.6585, 89.2751]
   149 |  1606.4283 |  1823.0538 [1711.6591, 89.2751] |  1914.8050 [1711.6591, 89.2751]
   150 |  1721.5730 |  1919.8548 [1897.7353, 0.0000] |  2011.6060 [1897.7353, 0.0000]
   151 |  1727.5580 |  1871.4113 [1784.6670, 64.6248] |  1906.0535 [1727.5580, 64.6248]
   152 |  1747.1740 |  1833.9183 [1747.1740, 64.6248] |  1892.3052 [1778.4345, 0.0000]
   153 |  1472.2573 |  1712.8238 [1472.2573, 218.4469] |  1754.2976 [1640.4269, 0.0000]
   154 |  1467.8877 |  1757.3932 [1467.8877, 267.3860] |  1849.1445 [1467.8877, 267.3860]
   155 |  1411.0117 |  1616.6337 [1411.0117, 183.5025] |  1524.8824 [1411.0117, 0.0000]
   156 |  1917.3516 |  2102.8008 [1926.7814, 153.8999] |  2074.6834 [1960.8127, 0.0000]
   157 |  1257.3631 |  1552.2602 [1257.3631, 272.7776] |  1460.5090 [1257.3631, 89.2751]
   158 |  1547.4711 |  1840.3554 [1753.6111, 64.6248] |  1815.2417 [1547.4711, 153.8999]
   159 |  1672.3603 |  1759.1046 [1672.3603, 64.6248] |  1850.8558 [1672.3603, 64.6248]
   160 |  1495.0130 |  1635.5704 [1524.1757, 89.2751] |  1727.3216 [1524.1757, 89.2751]
   161 |  1496.3279 |  1607.7225 [1496.3279, 89.2751] |  1699.4738 [1496.3279, 89.2751]
   162 |  1761.3491 |  2101.0857 [1873.9834, 204.9829] |  2178.7260 [2064.8553, 0.0000]
   163 |  1540.3451 |  1856.7226 [1540.3451, 294.2580] |  1852.0571 [1648.9112, 89.2751]
   164 |  1764.2565 |  1926.2770 [1904.1576, 0.0000] |  1964.9681 [1851.0974, 0.0000]
   165 |  1770.3856 |  1903.6294 [1792.2348, 89.2751] |  1980.3657 [1777.2198, 89.2751]
   166 |  1686.3202 |  1806.0622 [1694.6676, 89.2751] |  1897.8135 [1694.6676, 89.2751]
   167 |  1662.0898 |  1840.1700 [1818.0506, 0.0000] |  1775.9606 [1662.0898, 0.0000]
   168 |  1668.0698 |  1779.4645 [1668.0698, 89.2751] |  1869.2331 [1755.3623, 0.0000]
   169 |  1581.7399 |  1757.7594 [1581.7399, 153.8999] |  1849.5106 [1581.7399, 153.8999]
   170 |  1717.1809 |  1953.3120 [1931.1925, 0.0000] |  1923.7838 [1720.6379, 89.2751]
   171 |  1656.6609 |  1791.5191 [1769.3996, 0.0000] |  1883.2704 [1769.3996, 0.0000]
   172 |  1766.4075 |  2011.1487 [1924.4044, 64.6248] |  1957.1099 [1843.2392, 0.0000]
   173 |  1763.2542 |  1888.9230 [1777.5284, 89.2751] |  1980.6743 [1777.5284, 89.2751]
   174 |  1472.4814 |  1699.5837 [1472.4814, 204.9829] |  1726.7850 [1612.9143, 0.0000]
   175 |  1519.5259 |  1725.1479 [1519.5259, 183.5025] |  1633.3966 [1519.5259, 0.0000]
   176 |  1501.1555 |  1587.8998 [1501.1555, 64.6248] |  1679.6510 [1501.1555, 64.6248]
   177 |  1728.5192 |  1904.1201 [1882.0007, 0.0000] |  1957.9043 [1844.0336, 0.0000]
   178 |  1633.4002 |  1839.0222 [1633.4002, 183.5025] |  1747.2709 [1633.4002, 0.0000]
   179 |  1851.1523 |  2013.2465 [1991.1270, 0.0000] |  2104.9977 [1991.1270, 0.0000]
   180 |  1936.2458 |  2050.0880 [1963.3437, 64.6248] |  2141.8392 [1963.3437, 64.6248]
   181 |  1613.2309 |  1789.2503 [1613.2309, 153.8999] |  1881.0016 [1613.2309, 153.8999]
   182 |  1665.0571 |  1776.4518 [1665.0571, 89.2751] |  1868.2030 [1665.0571, 89.2751]
   183 |  1689.6260 |  1742.9327 [1720.8132, 0.0000] |  1834.6839 [1720.8132, 0.0000]
   184 |  1700.0374 |  1741.3691 [1719.2496, 0.0000] |  1833.1204 [1719.2496, 0.0000]
   185 |  1600.6236 |  1687.3679 [1600.6236, 64.6248] |  1779.1191 [1600.6236, 64.6248]
   186 |  1605.3019 |  1717.4752 [1606.0806, 89.2751] |  1809.2264 [1606.0806, 89.2751]
   187 |  1811.5447 |  1914.5630 [1892.4435, 0.0000] |  2006.3143 [1892.4435, 0.0000]
   188 |  1549.6531 |  1859.0867 [1553.8954, 283.0717] |  1950.8379 [1553.8954, 283.0717]
   189 |  1793.7499 |  2090.0805 [1819.8337, 248.1273] |  1998.3292 [1819.8337, 64.6248]
   190 |  1516.4957 |  1714.1018 [1602.7071, 89.2751] |  1795.4718 [1592.3259, 89.2751]
   191 |  1615.6925 |  1669.0457 [1646.9262, 0.0000] |  1760.7969 [1646.9262, 0.0000]
   192 |  1646.9225 |  1772.4898 [1750.3703, 0.0000] |  1864.2410 [1750.3703, 0.0000]
   193 |  1773.8623 |  1939.0525 [1916.9331, 0.0000] |  2030.8038 [1916.9331, 0.0000]
   194 |  1762.2151 |  1848.3899 [1826.2704, 0.0000] |  1940.1412 [1826.2704, 0.0000]
   195 |  1787.7780 |  1939.4965 [1917.3770, 0.0000] |  2031.2478 [1917.3770, 0.0000]
   196 |  1595.2929 |  1861.4315 [1655.8096, 183.5025] |  1769.6803 [1655.8096, 0.0000]
   197 |  1719.9760 |  1774.1848 [1752.0653, 0.0000] |  1865.9360 [1752.0653, 0.0000]
   198 |  1779.1067 |  1801.4539 [1779.3344, 0.0000] |  1893.2052 [1779.3344, 0.0000]
   199 |  1501.8224 |  1861.3443 [1501.8224, 337.4024] |  1769.5930 [1501.8224, 153.8999]
   200 |  1730.6316 |  1933.3790 [1911.2596, 0.0000] |  1891.0594 [1777.1887, 0.0000]
   201 |  1806.2990 |  1828.4185 [1806.2990, 0.0000] |  1920.1698 [1806.2990, 0.0000]
   202 |  1510.0598 |  1780.3066 [1510.0598, 248.1273] |  1688.5554 [1510.0598, 64.6248]
   203 |  1552.0881 |  1816.3707 [1729.6264, 64.6248] |  1908.1219 [1729.6264, 64.6248]
   204 |  1428.0753 |  1733.2666 [1428.0753, 283.0717] |  1825.0178 [1428.0753, 283.0717]
   205 |  1444.2006 |  1739.0977 [1444.2006, 272.7776] |  1647.3465 [1444.2006, 89.2751]
   206 |  1765.0721 |  1831.8400 [1809.7205, 0.0000] |  1923.5912 [1809.7205, 0.0000]
   207 |  1589.4906 |  1771.1030 [1748.9835, 0.0000] |  1834.1902 [1720.3195, 0.0000]
   208 |  1553.4072 |  1780.5095 [1553.4072, 204.9829] |  1871.1732 [1692.6777, 64.6248]
   209 |  1639.1583 |  1844.7802 [1639.1583, 183.5025] |  1753.0290 [1639.1583, 0.0000]
   210 |  1760.1919 |  2082.5066 [1768.3507, 292.0364] |  2074.9719 [1871.8260, 89.2751]
   211 |  1703.9912 |  1870.3812 [1783.6369, 64.6248] |  1962.1324 [1783.6369, 64.6248]
   212 |  1726.5144 |  1858.7908 [1772.0465, 64.6248] |  1950.5420 [1772.0465, 64.6248]
   213 |  1670.0730 |  1813.1547 [1726.4105, 64.6248] |  1904.9060 [1726.4105, 64.6248]
   214 |  1339.7583 |  1545.3803 [1339.7583, 183.5025] |  1453.6290 [1339.7583, 0.0000]
   215 |  1684.3518 |  1851.9194 [1765.1752, 64.6248] |  1940.7082 [1762.2126, 64.6248]
   216 |  1802.4015 |  2014.1690 [1902.7744, 89.2751] |  2091.6660 [1888.5202, 89.2751]
   217 |  1815.3712 |  1850.4873 [1828.3678, 0.0000] |  1929.2419 [1815.3712, 0.0000]
   218 |  1542.8605 |  1749.5818 [1727.4623, 0.0000] |  1680.3042 [1566.4334, 0.0000]
   219 |  1686.0564 |  1907.6130 [1885.4936, 0.0000] |  1948.4080 [1769.9125, 64.6248]
   220 |  1592.2522 |  1703.6468 [1592.2522, 89.2751] |  1795.3981 [1592.2522, 89.2751]
   221 |  1493.9300 |  1718.8107 [1493.9300, 202.7612] |  1717.8584 [1603.9877, 0.0000]
   222 |  1651.7153 |  1815.4615 [1793.3421, 0.0000] |  1765.5860 [1651.7153, 0.0000]
   223 |  1409.3864 |  1637.6785 [1615.5590, 0.0000] |  1729.4298 [1615.5590, 0.0000]
   224 |  1323.7959 |  1473.7057 [1386.9615, 64.6248] |  1565.4570 [1386.9615, 64.6248]
   225 |  1593.6375 |  1799.2595 [1593.6375, 183.5025] |  1707.5082 [1593.6375, 0.0000]
   226 |  1702.0611 |  1854.5658 [1767.8215, 64.6248] |  1946.3171 [1767.8215, 64.6248]
   227 |  1677.3018 |  1949.4842 [1708.9178, 218.4469] |  2032.1744 [1918.3037, 0.0000]
   228 |  1676.9655 |  1770.7265 [1748.6070, 0.0000] |  1862.4778 [1748.6070, 0.0000]
   229 |  1787.0049 |  1940.3490 [1853.6047, 64.6248] |  1900.8756 [1787.0049, 0.0000]
   230 |  1418.4377 |  1749.0382 [1573.0187, 153.8999] |  1840.7894 [1573.0187, 153.8999]
   231 |  1620.2092 |  1706.9535 [1620.2092, 64.6248] |  1798.7048 [1620.2092, 64.6248]
   232 |  1575.6260 |  1763.3390 [1651.9444, 89.2751] |  1855.0903 [1651.9444, 89.2751]
   233 |  1718.8585 |  1946.8534 [1924.7339, 0.0000] |  1918.7539 [1804.8832, 0.0000]
   234 |  1728.7137 |  1841.5555 [1754.8112, 64.6248] |  1907.2092 [1728.7137, 64.6248]
   235 |  1877.5968 |  2017.8738 [1995.7544, 0.0000] |  2109.6251 [1995.7544, 0.0000]
   236 |  1909.0870 |  1948.7883 [1926.6688, 0.0000] |  2040.5395 [1926.6688, 0.0000]
   237 |  1707.6905 |  1926.0690 [1839.3248, 64.6248] |  1955.2716 [1841.4009, 0.0000]
   238 |  1468.9163 |  1644.9357 [1468.9163, 153.8999] |  1736.6870 [1468.9163, 153.8999]
   239 |  1583.7585 |  1714.4412 [1692.3218, 0.0000] |  1806.1925 [1692.3218, 0.0000]
   240 |  1322.2897 |  1527.0344 [1504.9149, 0.0000] |  1618.7856 [1504.9149, 0.0000]
   241 |  1645.7385 |  1872.8408 [1645.7385, 204.9829] |  1964.5921 [1645.7385, 204.9829]
   242 |  1692.2645 |  1871.5971 [1849.4776, 0.0000] |  1913.2625 [1710.1167, 89.2751]
   243 |  1612.5110 |  1882.7578 [1612.5110, 248.1273] |  1791.0065 [1612.5110, 64.6248]
   244 |  1424.4348 |  1675.7329 [1499.7134, 153.8999] |  1692.2055 [1424.4348, 153.8999]
   245 |  1801.0438 |  1972.7342 [1885.9899, 64.6248] |  2064.4854 [1885.9899, 64.6248]
   246 |  1656.6316 |  1790.7314 [1703.9872, 64.6248] |  1859.7774 [1656.6316, 89.2751]
   247 |  1737.5513 |  1789.0109 [1766.8914, 0.0000] |  1880.7622 [1766.8914, 0.0000]
   248 |  1627.3329 |  1808.9555 [1786.8361, 0.0000] |  1900.7068 [1786.8361, 0.0000]
   249 |  1536.7859 |  1558.9053 [1536.7859, 0.0000] |  1650.6566 [1536.7859, 0.0000]
   250 |  1676.3979 |  1875.1925 [1763.7978, 89.2751] |  1958.9234 [1755.7775, 89.2751]
   251 |  1606.6229 |  1859.4448 [1772.7005, 64.6248] |  1951.1960 [1772.7005, 64.6248]
   252 |  1584.1919 |  1766.2304 [1744.1110, 0.0000] |  1857.9817 [1744.1110, 0.0000]
   253 |  1649.8822 |  1893.1188 [1806.3746, 64.6248] |  1853.0281 [1649.8822, 89.2751]
   254 |  1791.0435 |  1891.5705 [1869.4510, 0.0000] |  1904.9142 [1791.0435, 0.0000]
   255 |  1610.2762 |  1632.3957 [1610.2762, 0.0000] |  1724.1470 [1610.2762, 0.0000]
   256 |  1674.1325 |  1785.2823 [1698.5380, 64.6248] |  1788.0032 [1674.1325, 0.0000]
   257 |  1526.7226 |  1822.4989 [1597.6182, 202.7612] |  1868.5084 [1754.6377, 0.0000]
   258 |  1697.5622 |  1879.2295 [1857.1100, 0.0000] |  1873.0065 [1759.1358, 0.0000]
   259 |  1933.8509 |  2018.7662 [1996.6467, 0.0000] |  2110.5174 [1996.6467, 0.0000]
   260 |  1717.7039 |  1799.6164 [1777.4969, 0.0000] |  1891.3676 [1777.4969, 0.0000]
   261 |  1859.1465 |  1912.8553 [1890.7359, 0.0000] |  2004.6066 [1890.7359, 0.0000]
   262 |  1659.5926 |  1871.0874 [1848.9679, 0.0000] |  1786.7000 [1672.8293, 0.0000]
   263 |  1632.4485 |  1843.9723 [1757.2280, 64.6248] |  1810.9440 [1632.4485, 64.6248]
   264 |  1620.2283 |  1741.7418 [1719.6223, 0.0000] |  1833.4931 [1719.6223, 0.0000]
   265 |  1647.3715 |  1823.3909 [1647.3715, 153.8999] |  1915.1422 [1647.3715, 153.8999]
   266 |  1668.9601 |  1844.9795 [1668.9601, 153.8999] |  1936.7308 [1668.9601, 153.8999]
   267 |  1601.3459 |  1777.3653 [1601.3459, 153.8999] |  1869.1166 [1601.3459, 153.8999]
   268 |  1445.6607 |  1705.2377 [1683.1182, 0.0000] |  1796.9889 [1683.1182, 0.0000]
   269 |  1535.4312 |  1894.9531 [1535.4312, 337.4024] |  1803.2019 [1535.4312, 153.8999]
   270 |  1431.4239 |  1745.5798 [1431.4239, 292.0364] |  1837.3310 [1431.4239, 292.0364]
   271 |  1703.1526 |  1817.7315 [1795.6120, 0.0000] |  1909.4827 [1795.6120, 0.0000]
   272 |  1475.0325 |  1566.3955 [1544.2760, 0.0000] |  1658.1467 [1544.2760, 0.0000]
   273 |  1665.8116 |  1871.9396 [1785.1953, 64.6248] |  1963.6908 [1785.1953, 64.6248]
   274 |  1652.5511 |  1822.0880 [1735.3437, 64.6248] |  1855.6970 [1652.5511, 89.2751]
   275 |  1737.2552 |  1871.0519 [1848.9324, 0.0000] |  1878.6231 [1764.7523, 0.0000]
   276 |  1679.6650 |  1766.4092 [1679.6650, 64.6248] |  1858.1605 [1679.6650, 64.6248]
   277 |  1842.7609 |  1874.5147 [1852.3952, 0.0000] |  1966.2660 [1852.3952, 0.0000]
   278 |  1889.4118 |  2100.7482 [2078.6287, 0.0000] |  2012.0138 [1898.1431, 0.0000]
   279 |  1559.2518 |  1911.8184 [1641.5717, 248.1273] |  1820.0672 [1641.5717, 64.6248]
   280 |  1877.5474 |  1964.2917 [1877.5474, 64.6248] |  2056.0429 [1877.5474, 64.6248]
   281 |  1666.3312 |  1753.0755 [1666.3312, 64.6248] |  1844.8267 [1666.3312, 64.6248]
   282 |  1498.9089 |  1780.8353 [1510.5885, 248.1273] |  1689.0840 [1510.5885, 64.6248]
   283 |  1673.9125 |  1784.4931 [1762.3736, 0.0000] |  1874.7181 [1760.8474, 0.0000]
   284 |  1632.3284 |  1719.0726 [1632.3284, 64.6248] |  1810.8239 [1632.3284, 64.6248]
   285 |  1433.2651 |  1658.1459 [1433.2651, 202.7612] |  1667.6831 [1553.8124, 0.0000]
   286 |  1537.0456 |  1722.1814 [1610.7868, 89.2751] |  1813.9326 [1610.7868, 89.2751]
   287 |  1548.2786 |  1659.6732 [1548.2786, 89.2751] |  1751.4245 [1548.2786, 89.2751]
   288 |  1565.5564 |  1652.3007 [1565.5564, 64.6248] |  1744.0519 [1565.5564, 64.6248]
   289 |  1772.8972 |  1859.6415 [1772.8972, 64.6248] |  1951.3928 [1772.8972, 64.6248]
   290 |  1768.1293 |  2022.9534 [1936.2091, 64.6248] |  2114.7046 [1936.2091, 64.6248]
   291 |  1613.1367 |  1832.6773 [1721.2826, 89.2751] |  1924.4285 [1721.2826, 89.2751]
   292 |  1702.3126 |  1848.1819 [1826.0625, 0.0000] |  1816.1833 [1702.3126, 0.0000]
   293 |  1647.5239 |  1756.0394 [1669.2951, 64.6248] |  1847.7907 [1669.2951, 64.6248]
   294 |  1748.0569 |  1937.6360 [1826.2414, 89.2751] |  1951.2027 [1748.0569, 89.2751]
   295 |  1828.1384 |  1882.2394 [1860.1199, 0.0000] |  1973.9906 [1860.1199, 0.0000]
   296 |  1387.0260 |  1781.4924 [1387.0260, 372.3469] |  1873.2436 [1387.0260, 372.3469]
   297 |  1575.0009 |  1842.7229 [1617.8422, 202.7612] |  1777.4856 [1663.6149, 0.0000]
   298 |  1630.5293 |  1836.1513 [1630.5293, 183.5025] |  1744.4000 [1630.5293, 0.0000]
   299 |  1503.7496 |  1728.6303 [1503.7496, 202.7612] |  1820.3816 [1503.7496, 202.7612]
   300 |  1443.4492 |  1717.5237 [1541.5043, 153.8999] |  1711.2199 [1443.4492, 153.8999]

  MEDIE VALIDAZIONE OUT-OF-SAMPLE
  PI_val  = 1638.2490
  STO_val = 1820.4426  (politica x_sto applicata out-of-sample)
  EEV_val = 1859.6566  (politica x_ev  applicata out-of-sample)
  VSS_val = EEV_val - STO_val = 39.2141 (2.1087%)
  Gap PI-STO_val = 11.1212%
============================================================

IMPATTO ARCHI CASUALI - VALIDAZIONE
  Scenari analizzati = 300
  Estrazioni casuali totali scenario-specifiche = 9000
  Archi casuali distinti = 92

  Conteggio degli archi casuali che compaiono nei tour
  PI : distinti usati almeno una volta = 91/92 (98.91%) | occorrenze scenario-specifiche = 1273/9000 (14.14%)
  STO: distinti usati almeno una volta = 91/92 (98.91%) | occorrenze scenario-specifiche = 1535/9000 (17.06%)
  EEV: distinti usati almeno una volta = 92/92 (100.00%) | occorrenze scenario-specifiche = 1406/9000 (15.62%)
  ANY: distinti usati in almeno un tour PI/STO/EEV = 92/92 (100.00%) | occorrenze scenario-specifiche = 1960/9000 (21.78%)

  Dettaglio per scenario: sid | casuali | PI | STO | EEV | ANY
     1 |      30 |  4 |   4 |   4 |   4
     2 |      30 |  5 |   5 |   5 |   5
     3 |      30 |  3 |   5 |   3 |   7
     4 |      30 |  5 |   5 |   5 |   6
     5 |      30 |  3 |   3 |   3 |   3
     6 |      30 |  4 |   4 |   6 |  10
     7 |      30 |  5 |   7 |   7 |   7
     8 |      30 |  2 |   6 |   6 |   6
     9 |      30 |  3 |   3 |   3 |   5
    10 |      30 |  4 |   4 |   4 |   7
    11 |      30 |  3 |   6 |   6 |   8
    12 |      30 |  3 |   4 |   4 |   4
    13 |      30 |  6 |   6 |   6 |   6
    14 |      30 |  4 |   7 |   7 |   7
    15 |      30 |  2 |   7 |   4 |   8
    16 |      30 |  5 |   5 |   5 |   9
    17 |      30 |  2 |   4 |   4 |   4
    18 |      30 |  7 |   8 |   5 |  14
    19 |      30 |  3 |   4 |   3 |   4
    20 |      30 |  4 |   5 |   5 |   6
    21 |      30 |  2 |   7 |   4 |   7
    22 |      30 |  4 |   7 |   7 |   9
    23 |      30 |  3 |   3 |   3 |   3
    24 |      30 |  4 |   7 |   7 |  10
    25 |      30 |  4 |   6 |   6 |   6
    26 |      30 |  3 |   3 |   2 |   3
    27 |      30 |  3 |   4 |   3 |   5
    28 |      30 |  4 |   4 |   4 |   4
    29 |      30 |  4 |   7 |   7 |   9
    30 |      30 |  7 |   7 |   7 |  10
    31 |      30 |  6 |   6 |   6 |   8
    32 |      30 |  4 |   7 |   7 |  10
    33 |      30 |  4 |   4 |   4 |   8
    34 |      30 |  5 |   5 |   5 |   6
    35 |      30 |  6 |   5 |   5 |   7
    36 |      30 |  3 |   3 |   3 |   3
    37 |      30 |  4 |   5 |   4 |   8
    38 |      30 |  3 |   3 |   3 |   3
    39 |      30 |  7 |   7 |   7 |   7
    40 |      30 |  5 |   6 |   5 |   6
    41 |      30 |  3 |   6 |   6 |   7
    42 |      30 |  4 |   6 |   6 |   8
    43 |      30 |  4 |   4 |   5 |   7
    44 |      30 |  3 |   3 |   3 |   5
    45 |      30 |  2 |   2 |   2 |   2
    46 |      30 |  5 |   5 |   5 |   5
    47 |      30 |  4 |   6 |   4 |   6
    48 |      30 |  4 |   6 |   4 |   7
    49 |      30 |  7 |   7 |   7 |   7
    50 |      30 |  1 |   7 |   5 |  10
    51 |      30 |  3 |   3 |   3 |   4
    52 |      30 |  3 |   6 |   4 |  10
    53 |      30 |  3 |   6 |   6 |   7
    54 |      30 |  5 |   3 |   5 |   7
    55 |      30 |  6 |   6 |   5 |   6
    56 |      30 |  4 |   4 |   4 |   6
    57 |      30 |  6 |   6 |   6 |   6
    58 |      30 |  4 |   6 |   4 |   8
    59 |      30 |  4 |   4 |   4 |   8
    60 |      30 |  1 |   4 |   4 |   4
    61 |      30 |  6 |   6 |   4 |  10
    62 |      30 |  4 |   5 |   5 |   6
    63 |      30 |  6 |   6 |   3 |   8
    64 |      30 |  6 |   5 |   5 |   7
    65 |      30 |  4 |   4 |   4 |   4
    66 |      30 |  4 |   5 |   5 |   6
    67 |      30 |  3 |   4 |   4 |   4
    68 |      30 |  3 |   3 |   3 |   3
    69 |      30 |  6 |   6 |   6 |   6
    70 |      30 |  4 |   4 |   4 |   5
    71 |      30 |  4 |   5 |   5 |   5
    72 |      30 |  7 |   7 |   7 |   7
    73 |      30 |  4 |   7 |   7 |   8
    74 |      30 |  4 |   4 |   4 |   4
    75 |      30 |  6 |   5 |   4 |  10
    76 |      30 |  6 |   6 |   6 |   6
    77 |      30 |  3 |   6 |   5 |   7
    78 |      30 |  1 |   2 |   2 |   2
    79 |      30 |  4 |   4 |   2 |   4
    80 |      30 |  2 |   2 |   5 |   7
    81 |      30 |  4 |   3 |   3 |   5
    82 |      30 |  2 |   7 |   7 |   8
    83 |      30 |  4 |   5 |   5 |   8
    84 |      30 |  3 |   3 |   3 |   5
    85 |      30 |  5 |   5 |   5 |   5
    86 |      30 |  4 |   5 |   5 |   5
    87 |      30 |  3 |   5 |   5 |   5
    88 |      30 |  6 |   6 |   3 |   7
    89 |      30 |  7 |   7 |   7 |   9
    90 |      30 |  3 |   5 |   3 |   7
    91 |      30 |  5 |   8 |   8 |  11
    92 |      30 |  2 |   6 |   2 |   6
    93 |      30 |  4 |   4 |   4 |   5
    94 |      30 |  3 |   4 |   3 |   7
    95 |      30 |  3 |   6 |   6 |   7
    96 |      30 |  2 |   5 |   7 |   7
    97 |      30 |  4 |   4 |   3 |   9
    98 |      30 |  7 |   5 |   7 |  10
    99 |      30 |  4 |   8 |   8 |  11
   100 |      30 |  6 |   6 |   4 |   9
   101 |      30 |  6 |   6 |   6 |   6
   102 |      30 |  3 |   4 |   4 |   5
   103 |      30 |  3 |   4 |   3 |   4
   104 |      30 |  3 |   5 |   3 |   5
   105 |      30 |  4 |   7 |   7 |   7
   106 |      30 |  3 |   7 |   7 |  12
   107 |      30 |  5 |   5 |   5 |   5
   108 |      30 |  5 |   5 |   3 |   6
   109 |      30 |  5 |   5 |   5 |   5
   110 |      30 |  2 |   3 |   2 |   3
   111 |      30 |  3 |   8 |   5 |  10
   112 |      30 |  6 |   8 |   7 |   8
   113 |      30 |  3 |   4 |   4 |   7
   114 |      30 |  5 |   5 |   4 |   9
   115 |      30 |  4 |   8 |   8 |  10
   116 |      30 |  4 |   6 |   6 |  10
   117 |      30 |  4 |   6 |   6 |   8
   118 |      30 |  6 |   7 |   5 |   8
   119 |      30 |  3 |   3 |   3 |   7
   120 |      30 |  5 |   5 |   5 |   5
   121 |      30 |  4 |   6 |   4 |  10
   122 |      30 |  5 |   5 |   5 |   5
   123 |      30 |  4 |   3 |   2 |   7
   124 |      30 |  4 |   4 |   4 |   4
   125 |      30 |  7 |   7 |   7 |   7
   126 |      30 |  2 |   2 |   2 |   2
   127 |      30 |  6 |   6 |   6 |   6
   128 |      30 |  3 |   5 |   5 |   7
   129 |      30 |  7 |   7 |   7 |   7
   130 |      30 |  6 |   5 |   4 |  10
   131 |      30 |  4 |   6 |   4 |   8
   132 |      30 |  3 |   3 |   3 |   3
   133 |      30 |  3 |   5 |   2 |   7
   134 |      30 |  3 |   4 |   3 |   5
   135 |      30 |  5 |   5 |   5 |   5
   136 |      30 |  4 |   5 |   5 |   9
   137 |      30 |  6 |   6 |   6 |   9
   138 |      30 |  4 |   4 |   4 |   4
   139 |      30 |  3 |   4 |   4 |   5
   140 |      30 |  5 |   5 |   2 |   6
   141 |      30 |  5 |   5 |   5 |   8
   142 |      30 |  4 |   4 |   4 |   7
   143 |      30 |  2 |   4 |   4 |   7
   144 |      30 |  8 |   8 |   8 |   8
   145 |      30 |  5 |   6 |   4 |   8
   146 |      30 |  4 |   4 |   4 |   9
   147 |      30 |  6 |   6 |   6 |   6
   148 |      30 |  8 |   8 |   8 |   8
   149 |      30 |  2 |   6 |   6 |   7
   150 |      30 |  4 |   3 |   3 |   6
   151 |      30 |  3 |   4 |   3 |   4
   152 |      30 |  5 |   5 |   5 |   8
   153 |      30 |  5 |   5 |   4 |   7
   154 |      30 |  5 |   5 |   5 |   5
   155 |      30 |  5 |   5 |   5 |   5
   156 |      30 |  1 |   3 |   2 |   6
   157 |      30 |  4 |   4 |   4 |   4
   158 |      30 |  3 |   7 |   3 |   8
   159 |      30 |  3 |   3 |   3 |   3
   160 |      30 |  4 |   4 |   4 |   5
   161 |      30 |  4 |   4 |   4 |   4
   162 |      30 |  1 |   4 |   3 |   7
   163 |      30 |  7 |   7 |   7 |   8
   164 |      30 |  4 |   6 |   4 |   7
   165 |      30 |  3 |   4 |   3 |   6
   166 |      30 |  3 |   4 |   4 |   7
   167 |      30 |  5 |   5 |   5 |   7
   168 |      30 |  6 |   6 |   4 |   6
   169 |      30 |  4 |   4 |   4 |   4
   170 |      30 |  4 |   5 |   4 |   7
   171 |      30 |  4 |   5 |   5 |   8
   172 |      30 |  5 |   6 |   5 |   9
   173 |      30 |  6 |   4 |   4 |   8
   174 |      30 |  5 |   5 |   4 |   6
   175 |      30 |  6 |   6 |   6 |   6
   176 |      30 |  7 |   7 |   7 |   7
   177 |      30 |  4 |   4 |   3 |   7
   178 |      30 |  5 |   5 |   5 |   5
   179 |      30 |  1 |   3 |   3 |   4
   180 |      30 |  4 |   5 |   5 |   7
   181 |      30 |  3 |   3 |   3 |   3
   182 |      30 |  5 |   5 |   5 |   5
   183 |      30 |  4 |   4 |   4 |   5
   184 |      30 |  4 |   4 |   4 |   7
   185 |      30 |  3 |   3 |   3 |   3
   186 |      30 |  6 |   7 |   7 |   9
   187 |      30 |  6 |   5 |   5 |   8
   188 |      30 |  6 |   6 |   6 |   7
   189 |      30 |  3 |   3 |   3 |   3
   190 |      30 |  4 |   7 |   6 |   9
   191 |      30 |  5 |   4 |   4 |   6
   192 |      30 |  3 |   5 |   5 |   5
   193 |      30 |  5 |   5 |   5 |   6
   194 |      30 |  4 |   5 |   5 |   8
   195 |      30 |  2 |   6 |   6 |   8
   196 |      30 |  5 |   4 |   4 |   6
   197 |      30 |  1 |   4 |   4 |   4
   198 |      30 |  2 |   6 |   6 |   6
   199 |      30 |  6 |   6 |   6 |   6
   200 |      30 |  5 |   6 |   6 |  10
   201 |      30 |  6 |   6 |   6 |   6
   202 |      30 |  2 |   2 |   2 |   2
   203 |      30 |  4 |   5 |   5 |   7
   204 |      30 |  4 |   4 |   4 |   4
   205 |      30 |  5 |   5 |   5 |   5
   206 |      30 |  4 |   4 |   4 |   6
   207 |      30 |  5 |   5 |   5 |   8
   208 |      30 |  8 |   8 |   5 |  10
   209 |      30 |  3 |   3 |   3 |   3
   210 |      30 |  1 |   4 |   3 |   4
   211 |      30 |  5 |   7 |   7 |   9
   212 |      30 |  3 |   4 |   4 |   4
   213 |      30 |  3 |   4 |   4 |   7
   214 |      30 |  7 |   7 |   7 |   7
   215 |      30 |  3 |   6 |   3 |   6
   216 |      30 |  3 |   4 |   4 |   9
   217 |      30 |  4 |   5 |   4 |   6
   218 |      30 |  3 |   6 |   4 |   6
   219 |      30 |  4 |   5 |   3 |  11
   220 |      30 |  6 |   6 |   6 |   6
   221 |      30 |  5 |   5 |   4 |   5
   222 |      30 |  6 |   6 |   6 |   7
   223 |      30 |  7 |   8 |   8 |   8
   224 |      30 |  3 |   5 |   5 |   5
   225 |      30 |  4 |   4 |   4 |   4
   226 |      30 |  5 |   4 |   4 |   9
   227 |      30 |  5 |   4 |   5 |   8
   228 |      30 |  4 |   5 |   5 |   7
   229 |      30 |  3 |   5 |   3 |   7
   230 |      30 |  6 |   5 |   5 |   6
   231 |      30 |  5 |   5 |   5 |   5
   232 |      30 |  4 |   3 |   3 |   4
   233 |      30 |  5 |   7 |   5 |  10
   234 |      30 |  3 |   5 |   3 |   8
   235 |      30 |  6 |   3 |   3 |   7
   236 |      30 |  4 |   3 |   3 |   6
   237 |      30 |  7 |   5 |   5 |  11
   238 |      30 |  6 |   6 |   6 |   6
   239 |      30 |  5 |   3 |   3 |   7
   240 |      30 |  3 |   5 |   5 |   5
   241 |      30 |  4 |   4 |   4 |   4
   242 |      30 |  4 |   4 |   3 |   6
   243 |      30 |  5 |   5 |   5 |   5
   244 |      30 |  2 |   5 |   2 |   5
   245 |      30 |  3 |   5 |   5 |   7
   246 |      30 |  4 |   5 |   4 |   7
   247 |      30 |  3 |   4 |   4 |   6
   248 |      30 |  6 |   7 |   7 |   7
   249 |      30 |  6 |   6 |   6 |   6
   250 |      30 |  4 |   5 |   1 |   7
   251 |      30 |  6 |   6 |   6 |   8
   252 |      30 |  5 |   6 |   6 |   6
   253 |      30 |  3 |   6 |   3 |   7
   254 |      30 |  3 |   5 |   3 |   7
   255 |      30 |  5 |   5 |   5 |   5
   256 |      30 |  5 |   6 |   5 |  10
   257 |      30 |  6 |   6 |   6 |   8
   258 |      30 |  2 |   5 |   4 |   7
   259 |      30 |  3 |   6 |   6 |   8
   260 |      30 |  4 |   5 |   5 |   5
   261 |      30 |  5 |   6 |   6 |   6
   262 |      30 |  4 |   7 |   6 |  12
   263 |      30 |  3 |   5 |   3 |   6
   264 |      30 |  6 |   7 |   7 |  12
   265 |      30 |  5 |   5 |   5 |   5
   266 |      30 |  6 |   6 |   6 |   6
   267 |      30 |  5 |   5 |   5 |   5
   268 |      30 |  5 |   5 |   5 |   8
   269 |      30 |  3 |   3 |   3 |   3
   270 |      30 |  4 |   4 |   4 |   4
   271 |      30 |  3 |   5 |   5 |   7
   272 |      30 |  4 |   6 |   6 |   7
   273 |      30 |  3 |   6 |   6 |   6
   274 |      30 |  3 |   5 |   3 |   8
   275 |      30 |  3 |   5 |   4 |   8
   276 |      30 |  5 |   5 |   5 |   5
   277 |      30 |  5 |   5 |   5 |   9
   278 |      30 |  3 |   4 |   4 |   7
   279 |      30 |  5 |   7 |   7 |   7
   280 |      30 |  5 |   5 |   5 |   5
   281 |      30 |  7 |   7 |   7 |   7
   282 |      30 |  5 |   5 |   5 |   6
   283 |      30 |  3 |   6 |   4 |   7
   284 |      30 |  8 |   8 |   8 |   8
   285 |      30 |  3 |   3 |   3 |   3
   286 |      30 |  6 |   7 |   7 |  11
   287 |      30 |  8 |   8 |   8 |   8
   288 |      30 |  7 |   7 |   7 |   7
   289 |      30 |  5 |   5 |   5 |   5
   290 |      30 |  3 |   6 |   6 |   9
   291 |      30 |  3 |   5 |   5 |   5
   292 |      30 |  3 |   3 |   3 |   3
   293 |      30 |  5 |   7 |   7 |   9
   294 |      30 |  4 |   5 |   4 |   7
   295 |      30 |  5 |   8 |   8 |   9
   296 |      30 |  5 |   5 |   5 |   5
   297 |      30 |  2 |   2 |   2 |   2
   298 |      30 |  3 |   3 |   3 |   3
   299 |      30 |  6 |   6 |   6 |   6
   300 |      30 |  3 |   6 |   3 |   6


============================================================
VALIDAZIONE OUT-OF-SAMPLE
  Scenari: 300 | seme: VALIDATION_SEED=99
  Politica STO: [(70, 99)] (1 archi prenotati)
  Politica EEV: [(70, 97), (70, 99)] (2 archi prenotati)

  Scen |         PI |    STO_val [perc, multa] |    EEV_val [perc, multa]
     1 |  1490.0237 |  1717.1260 [1490.0237, 204.9829] |  1808.8773 [1490.0237, 204.9829]
     2 |  1574.7326 |  1686.1272 [1574.7326, 89.2751] |  1777.8785 [1574.7326, 89.2751]
     3 |  1725.0532 |  1887.1836 [1865.0641, 0.0000] |  1903.5487 [1725.0532, 64.6248]
     4 |  1646.9443 |  1896.4805 [1809.7362, 64.6248] |  1825.4399 [1646.9443, 64.6248]
     5 |  1734.4107 |  2004.6575 [1734.4107, 248.1273] |  1912.9063 [1734.4107, 64.6248]
     6 |  1701.5052 |  1953.8426 [1867.0984, 64.6248] |  1919.0601 [1715.9143, 89.2751]
     7 |  1487.4332 |  1767.7069 [1562.0850, 183.5025] |  1675.9557 [1562.0850, 0.0000]
     8 |  1755.9355 |  1937.6552 [1915.5357, 0.0000] |  2029.4064 [1915.5357, 0.0000]
     9 |  1482.5271 |  1772.2393 [1566.6173, 183.5025] |  1680.4880 [1566.6173, 0.0000]
    10 |  1669.6184 |  2064.0847 [1669.6184, 372.3469] |  1983.1892 [1780.0433, 89.2751]
    11 |  1638.1129 |  1780.8112 [1758.6918, 0.0000] |  1872.5625 [1758.6918, 0.0000]
    12 |  1686.8051 |  1841.3088 [1729.9142, 89.2751] |  1933.0600 [1729.9142, 89.2751]
    13 |  1675.2819 |  1697.4014 [1675.2819, 0.0000] |  1789.1526 [1675.2819, 0.0000]
    14 |  1586.5659 |  1915.4485 [1893.3290, 0.0000] |  2007.1998 [1893.3290, 0.0000]
    15 |  1583.2326 |  1841.5397 [1665.5203, 153.8999] |  1851.7214 [1583.9507, 153.8999]
    16 |  1714.2937 |  1808.4170 [1786.2975, 0.0000] |  1900.1682 [1786.2975, 0.0000]
    17 |  1505.5491 |  1799.2625 [1529.0157, 248.1273] |  1707.5113 [1529.0157, 64.6248]
    18 |  1713.0222 |  1965.7131 [1738.6108, 204.9829] |  1928.9647 [1815.0939, 0.0000]
    19 |  1597.0846 |  1835.8834 [1749.1392, 64.6248] |  1775.5801 [1597.0846, 64.6248]
    20 |  1296.7926 |  1528.0591 [1322.4371, 183.5025] |  1436.3078 [1322.4371, 0.0000]
    21 |  1814.6277 |  1928.9592 [1906.8398, 0.0000] |  1982.7400 [1868.8693, 0.0000]
    22 |  1589.0244 |  1739.8272 [1717.7077, 0.0000] |  1831.5785 [1717.7077, 0.0000]
    23 |  1606.3167 |  1693.0610 [1606.3167, 64.6248] |  1784.8122 [1606.3167, 64.6248]
    24 |  1647.8703 |  1831.7317 [1809.6122, 0.0000] |  1923.4830 [1809.6122, 0.0000]
    25 |  1691.7823 |  1961.7716 [1875.0273, 64.6248] |  2053.5228 [1875.0273, 64.6248]
    26 |  1558.6828 |  1848.1883 [1558.6828, 267.3860] |  1931.1439 [1752.6484, 64.6248]
    27 |  1833.0329 |  2026.4722 [2004.3527, 0.0000] |  2010.0003 [1896.1296, 0.0000]
    28 |  1690.9611 |  1713.0806 [1690.9611, 0.0000] |  1804.8319 [1690.9611, 0.0000]
    29 |  1770.5438 |  1937.0411 [1914.9216, 0.0000] |  2028.7924 [1914.9216, 0.0000]
    30 |  1856.0967 |  2028.5027 [1941.7584, 64.6248] |  2120.2540 [1941.7584, 64.6248]
    31 |  1489.8193 |  1776.6215 [1689.8772, 64.6248] |  1868.3727 [1689.8772, 64.6248]
    32 |  1571.6270 |  1945.7419 [1720.8612, 202.7612] |  2037.4932 [1720.8612, 202.7612]
    33 |  1714.7481 |  1889.9007 [1778.5061, 89.2751] |  1981.6520 [1778.5061, 89.2751]
    34 |  1328.9132 |  1634.1045 [1328.9132, 283.0717] |  1579.9213 [1376.7754, 89.2751]
    35 |  1596.2207 |  1690.2057 [1668.0862, 0.0000] |  1781.9570 [1668.0862, 0.0000]
    36 |  1836.4745 |  1923.2187 [1836.4745, 64.6248] |  2014.9700 [1836.4745, 64.6248]
    37 |  1843.6047 |  2050.0401 [1963.2959, 64.6248] |  2108.9533 [1930.4578, 64.6248]
    38 |  1714.2798 |  1890.2992 [1714.2798, 153.8999] |  1982.0505 [1714.2798, 153.8999]
    39 |  1691.5917 |  1961.8385 [1691.5917, 248.1273] |  1870.0872 [1691.5917, 64.6248]
    40 |  1686.8558 |  1850.6975 [1828.5780, 0.0000] |  1800.7266 [1686.8558, 0.0000]
    41 |  1641.2549 |  1670.1647 [1648.0452, 0.0000] |  1761.9160 [1648.0452, 0.0000]
    42 |  1588.6888 |  1792.8881 [1770.7686, 0.0000] |  1884.6393 [1770.7686, 0.0000]
    43 |  1576.6377 |  1709.4477 [1687.3283, 0.0000] |  1755.7855 [1641.9148, 0.0000]
    44 |  1623.4914 |  1950.1098 [1679.8630, 248.1273] |  1858.3585 [1679.8630, 64.6248]
    45 |  1718.8141 |  1989.0609 [1718.8141, 248.1273] |  1897.3096 [1718.8141, 64.6248]
    46 |  1722.6895 |  1744.8090 [1722.6895, 0.0000] |  1836.5602 [1722.6895, 0.0000]
    47 |  1575.2129 |  1869.6061 [1644.7254, 202.7612] |  1835.0983 [1721.2276, 0.0000]
    48 |  1434.3835 |  1630.8206 [1608.7012, 0.0000] |  1612.8790 [1434.3835, 64.6248]
    49 |  1600.7071 |  1827.8094 [1600.7071, 204.9829] |  1919.5607 [1600.7071, 204.9829]
    50 |  1717.7835 |  1896.3686 [1784.9740, 89.2751] |  1948.1756 [1745.0297, 89.2751]
    51 |  1832.3858 |  1993.5911 [1971.4716, 0.0000] |  1948.2964 [1834.4256, 0.0000]
    52 |  1627.0884 |  1937.0554 [1709.9531, 204.9829] |  1993.8552 [1815.3596, 64.6248]
    53 |  1436.6960 |  1590.0936 [1567.9741, 0.0000] |  1681.8448 [1567.9741, 0.0000]
    54 |  1610.1302 |  1750.3023 [1728.1828, 0.0000] |  1745.5657 [1631.6949, 0.0000]
    55 |  1663.6606 |  1953.1661 [1663.6606, 267.3860] |  1886.5294 [1708.0339, 64.6248]
    56 |  1683.4257 |  2019.7922 [1933.0480, 64.6248] |  1946.2688 [1767.7733, 64.6248]
    57 |  1329.5154 |  1440.9100 [1329.5154, 89.2751] |  1532.6612 [1329.5154, 89.2751]
    58 |  1757.5896 |  1961.6751 [1850.2805, 89.2751] |  1972.6516 [1769.5057, 89.2751]
    59 |  1617.5860 |  1860.5796 [1838.4602, 0.0000] |  1796.0815 [1617.5860, 64.6248]
    60 |  1734.1250 |  1851.8412 [1829.7218, 0.0000] |  1943.5925 [1829.7218, 0.0000]
    61 |  1572.8102 |  1713.6479 [1626.9036, 64.6248] |  1782.5395 [1604.0439, 64.6248]
    62 |  1575.7930 |  1744.9088 [1658.1645, 64.6248] |  1836.6600 [1658.1645, 64.6248]
    63 |  1706.1829 |  1933.2853 [1706.1829, 204.9829] |  1986.2149 [1718.4443, 153.8999]
    64 |  1589.0867 |  1822.1316 [1800.0121, 0.0000] |  1913.8828 [1800.0121, 0.0000]
    65 |  1596.5548 |  1802.1768 [1596.5548, 183.5025] |  1710.4256 [1596.5548, 0.0000]
    66 |  1516.2099 |  1786.6887 [1516.4419, 248.1273] |  1694.9375 [1516.4419, 64.6248]
    67 |  1610.1060 |  1851.3811 [1624.2788, 204.9829] |  1943.1324 [1624.2788, 204.9829]
    68 |  1603.9048 |  1874.1515 [1603.9048, 248.1273] |  1782.4003 [1603.9048, 64.6248]
    69 |  1671.0205 |  1693.1400 [1671.0205, 0.0000] |  1784.8913 [1671.0205, 0.0000]
    70 |  1437.7535 |  1644.2665 [1557.5222, 64.6248] |  1736.0177 [1557.5222, 64.6248]
    71 |  1566.4882 |  1625.8828 [1603.7633, 0.0000] |  1717.6340 [1603.7633, 0.0000]
    72 |  1639.7968 |  1751.1915 [1639.7968, 89.2751] |  1842.9427 [1639.7968, 89.2751]
    73 |  1737.5412 |  1833.5875 [1746.8432, 64.6248] |  1925.3387 [1746.8432, 64.6248]
    74 |  1630.6305 |  1742.0252 [1630.6305, 89.2751] |  1833.7764 [1630.6305, 89.2751]
    75 |  1632.3549 |  1919.3580 [1832.6137, 64.6248] |  1920.7380 [1742.2425, 64.6248]
    76 |  1832.2792 |  1854.3987 [1832.2792, 0.0000] |  1946.1500 [1832.2792, 0.0000]
    77 |  1753.1468 |  1945.5253 [1858.7810, 64.6248] |  1878.9081 [1765.0374, 0.0000]
    78 |  1624.1201 |  1840.4232 [1634.8013, 183.5025] |  1748.6720 [1634.8013, 0.0000]
    79 |  1660.7731 |  1887.8754 [1660.7731, 204.9829] |  1936.1561 [1733.0102, 89.2751]
    80 |  1388.8489 |  1783.3153 [1388.8489, 372.3469] |  1719.3256 [1605.4549, 0.0000]
    81 |  1469.3939 |  1788.3649 [1612.3454, 153.8999] |  1880.1161 [1612.3454, 153.8999]
    82 |  1729.3451 |  1838.6304 [1816.5109, 0.0000] |  1930.3816 [1816.5109, 0.0000]
    83 |  1726.9942 |  1852.2086 [1830.0891, 0.0000] |  1943.9599 [1830.0891, 0.0000]
    84 |  1286.7694 |  1513.8717 [1286.7694, 204.9829] |  1599.6640 [1485.7932, 0.0000]
    85 |  1498.0159 |  1722.8966 [1498.0159, 202.7612] |  1814.6479 [1498.0159, 202.7612]
    86 |  1655.6125 |  1773.4892 [1662.0946, 89.2751] |  1865.2405 [1662.0946, 89.2751]
    87 |  1722.5038 |  1869.0491 [1846.9297, 0.0000] |  1868.8547 [1754.9840, 0.0000]
    88 |  1672.0666 |  1899.1689 [1672.0666, 204.9829] |  1914.3780 [1800.5073, 0.0000]
    89 |  1292.3998 |  1529.5989 [1442.8547, 64.6248] |  1621.3502 [1442.8547, 64.6248]
    90 |  1738.9856 |  2071.7288 [2049.6093, 0.0000] |  2031.6670 [1917.7962, 0.0000]
    91 |  1756.7973 |  1947.2984 [1925.1790, 0.0000] |  2039.0497 [1925.1790, 0.0000]
    92 |  1656.5671 |  1919.6434 [1808.2488, 89.2751] |  1924.3378 [1656.5671, 153.8999]
    93 |  1636.3908 |  1925.9341 [1701.0534, 202.7612] |  2017.6854 [1701.0534, 202.7612]
    94 |  1807.5358 |  1959.5772 [1872.8329, 64.6248] |  1986.0314 [1807.5358, 64.6248]
    95 |  1622.8059 |  1880.3522 [1793.6080, 64.6248] |  1972.1035 [1793.6080, 64.6248]
    96 |  1612.7344 |  1988.8973 [1902.1530, 64.6248] |  1907.3772 [1728.8816, 64.6248]
    97 |  1668.3234 |  1944.6607 [1833.2661, 89.2751] |  1855.7312 [1741.8605, 0.0000]
    98 |  1856.2292 |  2016.2820 [1994.1625, 0.0000] |  1970.0999 [1856.2292, 0.0000]
    99 |  1513.8377 |  1675.5308 [1653.4113, 0.0000] |  1767.2820 [1653.4113, 0.0000]
   100 |  1601.3717 |  1840.4636 [1818.3442, 0.0000] |  1848.2727 [1734.4019, 0.0000]
   101 |  1654.3518 |  1765.7464 [1654.3518, 89.2751] |  1857.4977 [1654.3518, 89.2751]
   102 |  1599.8549 |  1705.7763 [1619.0320, 64.6248] |  1797.5276 [1619.0320, 64.6248]
   103 |  1486.0295 |  1778.0932 [1666.6986, 89.2751] |  1689.1753 [1486.0295, 89.2751]
   104 |  1555.9043 |  1631.7919 [1609.6724, 0.0000] |  1669.7751 [1555.9043, 0.0000]
   105 |  1562.2010 |  1631.6337 [1609.5142, 0.0000] |  1723.3849 [1609.5142, 0.0000]
   106 |  1641.3141 |  1816.1535 [1794.0340, 0.0000] |  1898.4365 [1784.5658, 0.0000]
   107 |  1666.9530 |  1894.0553 [1666.9530, 204.9829] |  1985.8066 [1666.9530, 204.9829]
   108 |  1688.1528 |  1915.2551 [1688.1528, 204.9829] |  2000.4634 [1886.5926, 0.0000]
   109 |  1608.4769 |  1695.2212 [1608.4769, 64.6248] |  1786.9724 [1608.4769, 64.6248]
   110 |  1764.7505 |  1832.3265 [1810.2070, 0.0000] |  1878.6213 [1764.7505, 0.0000]
   111 |  1788.5497 |  2019.9539 [1997.8344, 0.0000] |  1974.9199 [1861.0492, 0.0000]
   112 |  1566.6585 |  1683.4748 [1661.3553, 0.0000] |  1685.5277 [1571.6569, 0.0000]
   113 |  1610.3632 |  1779.0764 [1756.9569, 0.0000] |  1870.8276 [1756.9569, 0.0000]
   114 |  1654.1446 |  1870.7653 [1848.6458, 0.0000] |  1827.5330 [1713.6622, 0.0000]
   115 |  1698.7009 |  1811.8401 [1700.4455, 89.2751] |  1903.5914 [1700.4455, 89.2751]
   116 |  1678.7060 |  1818.0966 [1731.3523, 64.6248] |  1909.8479 [1731.3523, 64.6248]
   117 |  1648.9448 |  1903.8403 [1792.4457, 89.2751] |  1995.5916 [1792.4457, 89.2751]
   118 |  1522.9810 |  1805.0805 [1693.6858, 89.2751] |  1834.0095 [1630.8636, 89.2751]
   119 |  1459.7108 |  1727.3811 [1640.6368, 64.6248] |  1690.2837 [1511.7881, 64.6248]
   120 |  1744.1406 |  1830.8849 [1744.1406, 64.6248] |  1922.6361 [1744.1406, 64.6248]
   121 |  1788.9188 |  1976.1161 [1889.3719, 64.6248] |  1967.4143 [1788.9188, 64.6248]
   122 |  1421.3772 |  1716.2744 [1421.3772, 272.7776] |  1624.5231 [1421.3772, 89.2751]
   123 |  1716.7750 |  1934.3050 [1912.1856, 0.0000] |  1990.4831 [1787.3372, 89.2751]
   124 |  1546.8826 |  1569.0020 [1546.8826, 0.0000] |  1660.7533 [1546.8826, 0.0000]
   125 |  1628.4805 |  1650.5999 [1628.4805, 0.0000] |  1742.3512 [1628.4805, 0.0000]
   126 |  1587.0561 |  1946.5780 [1587.0561, 337.4024] |  1854.8267 [1587.0561, 153.8999]
   127 |  1607.6495 |  1834.7519 [1607.6495, 204.9829] |  1926.5031 [1607.6495, 204.9829]
   128 |  1700.4185 |  1882.4667 [1771.0720, 89.2751] |  1974.2179 [1771.0720, 89.2751]
   129 |  1374.4965 |  1485.8911 [1374.4965, 89.2751] |  1577.6424 [1374.4965, 89.2751]
   130 |  1561.3920 |  1884.9746 [1660.0938, 202.7612] |  1877.9135 [1764.0428, 0.0000]
   131 |  1766.2089 |  1865.9465 [1779.2023, 64.6248] |  1880.5391 [1766.6684, 0.0000]
   132 |  1738.6582 |  1825.4024 [1738.6582, 64.6248] |  1917.1537 [1738.6582, 64.6248]
   133 |  1826.7527 |  1928.2144 [1906.0949, 0.0000] |  1956.2043 [1842.3336, 0.0000]
   134 |  1750.5223 |  1939.0935 [1916.9740, 0.0000] |  1929.0178 [1750.5223, 64.6248]
   135 |  1647.8453 |  1867.1989 [1661.5769, 183.5025] |  1775.4476 [1661.5769, 0.0000]
   136 |  1824.0483 |  1993.4145 [1971.2950, 0.0000] |  2085.1657 [1971.2950, 0.0000]
   137 |  1612.2180 |  1646.8791 [1624.7596, 0.0000] |  1738.6304 [1624.7596, 0.0000]
   138 |  1608.4338 |  1697.6018 [1610.8575, 64.6248] |  1789.3530 [1610.8575, 64.6248]
   139 |  1682.7987 |  1947.6278 [1742.0058, 183.5025] |  1855.8766 [1742.0058, 0.0000]
   140 |  1681.4776 |  1768.2219 [1681.4776, 64.6248] |  1846.5210 [1732.6503, 0.0000]
   141 |  1545.3999 |  1818.6504 [1707.2557, 89.2751] |  1748.5458 [1545.3999, 89.2751]
   142 |  1602.9871 |  1830.0894 [1602.9871, 204.9829] |  1898.8073 [1695.6614, 89.2751]
   143 |  1744.3784 |  1964.4941 [1942.3746, 0.0000] |  1941.4453 [1827.5746, 0.0000]
   144 |  1777.3675 |  1799.4870 [1777.3675, 0.0000] |  1891.2382 [1777.3675, 0.0000]
   145 |  1733.1331 |  1786.5958 [1764.4763, 0.0000] |  1867.9630 [1754.0923, 0.0000]
   146 |  1676.9201 |  1855.8669 [1833.7474, 0.0000] |  1907.6756 [1793.8049, 0.0000]
   147 |  1672.7162 |  1759.4605 [1672.7162, 64.6248] |  1851.2117 [1672.7162, 64.6248]
   148 |  1488.6585 |  1600.0531 [1488.6585, 89.2751] |  1691.8044 [1488.6585, 89.2751]
   149 |  1606.4283 |  1823.0538 [1711.6591, 89.2751] |  1914.8050 [1711.6591, 89.2751]
   150 |  1721.5730 |  1919.8548 [1897.7353, 0.0000] |  2011.6060 [1897.7353, 0.0000]
   151 |  1727.5580 |  1871.4113 [1784.6670, 64.6248] |  1906.0535 [1727.5580, 64.6248]
   152 |  1747.1740 |  1833.9183 [1747.1740, 64.6248] |  1892.3052 [1778.4345, 0.0000]
   153 |  1472.2573 |  1712.8238 [1472.2573, 218.4469] |  1754.2976 [1640.4269, 0.0000]
   154 |  1467.8877 |  1757.3932 [1467.8877, 267.3860] |  1849.1445 [1467.8877, 267.3860]
   155 |  1411.0117 |  1616.6337 [1411.0117, 183.5025] |  1524.8824 [1411.0117, 0.0000]
   156 |  1917.3516 |  2102.8008 [1926.7814, 153.8999] |  2074.6834 [1960.8127, 0.0000]
   157 |  1257.3631 |  1552.2602 [1257.3631, 272.7776] |  1460.5090 [1257.3631, 89.2751]
   158 |  1547.4711 |  1840.3554 [1753.6111, 64.6248] |  1815.2417 [1547.4711, 153.8999]
   159 |  1672.3603 |  1759.1046 [1672.3603, 64.6248] |  1850.8558 [1672.3603, 64.6248]
   160 |  1495.0130 |  1635.5704 [1524.1757, 89.2751] |  1727.3216 [1524.1757, 89.2751]
   161 |  1496.3279 |  1607.7225 [1496.3279, 89.2751] |  1699.4738 [1496.3279, 89.2751]
   162 |  1761.3491 |  2101.0857 [1873.9834, 204.9829] |  2178.7260 [2064.8553, 0.0000]
   163 |  1540.3451 |  1856.7226 [1540.3451, 294.2580] |  1852.0571 [1648.9112, 89.2751]
   164 |  1764.2565 |  1926.2770 [1904.1576, 0.0000] |  1964.9681 [1851.0974, 0.0000]
   165 |  1770.3856 |  1903.6294 [1792.2348, 89.2751] |  1980.3657 [1777.2198, 89.2751]
   166 |  1686.3202 |  1806.0622 [1694.6676, 89.2751] |  1897.8135 [1694.6676, 89.2751]
   167 |  1662.0898 |  1840.1700 [1818.0506, 0.0000] |  1775.9606 [1662.0898, 0.0000]
   168 |  1668.0698 |  1779.4645 [1668.0698, 89.2751] |  1869.2331 [1755.3623, 0.0000]
   169 |  1581.7399 |  1757.7594 [1581.7399, 153.8999] |  1849.5106 [1581.7399, 153.8999]
   170 |  1717.1809 |  1953.3120 [1931.1925, 0.0000] |  1923.7838 [1720.6379, 89.2751]
   171 |  1656.6609 |  1791.5191 [1769.3996, 0.0000] |  1883.2704 [1769.3996, 0.0000]
   172 |  1766.4075 |  2011.1487 [1924.4044, 64.6248] |  1957.1099 [1843.2392, 0.0000]
   173 |  1763.2542 |  1888.9230 [1777.5284, 89.2751] |  1980.6743 [1777.5284, 89.2751]
   174 |  1472.4814 |  1699.5837 [1472.4814, 204.9829] |  1726.7850 [1612.9143, 0.0000]
   175 |  1519.5259 |  1725.1479 [1519.5259, 183.5025] |  1633.3966 [1519.5259, 0.0000]
   176 |  1501.1555 |  1587.8998 [1501.1555, 64.6248] |  1679.6510 [1501.1555, 64.6248]
   177 |  1728.5192 |  1904.1201 [1882.0007, 0.0000] |  1957.9043 [1844.0336, 0.0000]
   178 |  1633.4002 |  1839.0222 [1633.4002, 183.5025] |  1747.2709 [1633.4002, 0.0000]
   179 |  1851.1523 |  2013.2465 [1991.1270, 0.0000] |  2104.9977 [1991.1270, 0.0000]
   180 |  1936.2458 |  2050.0880 [1963.3437, 64.6248] |  2141.8392 [1963.3437, 64.6248]
   181 |  1613.2309 |  1789.2503 [1613.2309, 153.8999] |  1881.0016 [1613.2309, 153.8999]
   182 |  1665.0571 |  1776.4518 [1665.0571, 89.2751] |  1868.2030 [1665.0571, 89.2751]
   183 |  1689.6260 |  1742.9327 [1720.8132, 0.0000] |  1834.6839 [1720.8132, 0.0000]
   184 |  1700.0374 |  1741.3691 [1719.2496, 0.0000] |  1833.1204 [1719.2496, 0.0000]
   185 |  1600.6236 |  1687.3679 [1600.6236, 64.6248] |  1779.1191 [1600.6236, 64.6248]
   186 |  1605.3019 |  1717.4752 [1606.0806, 89.2751] |  1809.2264 [1606.0806, 89.2751]
   187 |  1811.5447 |  1914.5630 [1892.4435, 0.0000] |  2006.3143 [1892.4435, 0.0000]
   188 |  1549.6531 |  1859.0867 [1553.8954, 283.0717] |  1950.8379 [1553.8954, 283.0717]
   189 |  1793.7499 |  2090.0805 [1819.8337, 248.1273] |  1998.3292 [1819.8337, 64.6248]
   190 |  1516.4957 |  1714.1018 [1602.7071, 89.2751] |  1795.4718 [1592.3259, 89.2751]
   191 |  1615.6925 |  1669.0457 [1646.9262, 0.0000] |  1760.7969 [1646.9262, 0.0000]
   192 |  1646.9225 |  1772.4898 [1750.3703, 0.0000] |  1864.2410 [1750.3703, 0.0000]
   193 |  1773.8623 |  1939.0525 [1916.9331, 0.0000] |  2030.8038 [1916.9331, 0.0000]
   194 |  1762.2151 |  1848.3899 [1826.2704, 0.0000] |  1940.1412 [1826.2704, 0.0000]
   195 |  1787.7780 |  1939.4965 [1917.3770, 0.0000] |  2031.2478 [1917.3770, 0.0000]
   196 |  1595.2929 |  1861.4315 [1655.8096, 183.5025] |  1769.6803 [1655.8096, 0.0000]
   197 |  1719.9760 |  1774.1848 [1752.0653, 0.0000] |  1865.9360 [1752.0653, 0.0000]
   198 |  1779.1067 |  1801.4539 [1779.3344, 0.0000] |  1893.2052 [1779.3344, 0.0000]
   199 |  1501.8224 |  1861.3443 [1501.8224, 337.4024] |  1769.5930 [1501.8224, 153.8999]
   200 |  1730.6316 |  1933.3790 [1911.2596, 0.0000] |  1891.0594 [1777.1887, 0.0000]
   201 |  1806.2990 |  1828.4185 [1806.2990, 0.0000] |  1920.1698 [1806.2990, 0.0000]
   202 |  1510.0598 |  1780.3066 [1510.0598, 248.1273] |  1688.5554 [1510.0598, 64.6248]
   203 |  1552.0881 |  1816.3707 [1729.6264, 64.6248] |  1908.1219 [1729.6264, 64.6248]
   204 |  1428.0753 |  1733.2666 [1428.0753, 283.0717] |  1825.0178 [1428.0753, 283.0717]
   205 |  1444.2006 |  1739.0977 [1444.2006, 272.7776] |  1647.3465 [1444.2006, 89.2751]
   206 |  1765.0721 |  1831.8400 [1809.7205, 0.0000] |  1923.5912 [1809.7205, 0.0000]
   207 |  1589.4906 |  1771.1030 [1748.9835, 0.0000] |  1834.1902 [1720.3195, 0.0000]
   208 |  1553.4072 |  1780.5095 [1553.4072, 204.9829] |  1871.1732 [1692.6777, 64.6248]
   209 |  1639.1583 |  1844.7802 [1639.1583, 183.5025] |  1753.0290 [1639.1583, 0.0000]
   210 |  1760.1919 |  2082.5066 [1768.3507, 292.0364] |  2074.9719 [1871.8260, 89.2751]
   211 |  1703.9912 |  1870.3812 [1783.6369, 64.6248] |  1962.1324 [1783.6369, 64.6248]
   212 |  1726.5144 |  1858.7908 [1772.0465, 64.6248] |  1950.5420 [1772.0465, 64.6248]
   213 |  1670.0730 |  1813.1547 [1726.4105, 64.6248] |  1904.9060 [1726.4105, 64.6248]
   214 |  1339.7583 |  1545.3803 [1339.7583, 183.5025] |  1453.6290 [1339.7583, 0.0000]
   215 |  1684.3518 |  1851.9194 [1765.1752, 64.6248] |  1940.7082 [1762.2126, 64.6248]
   216 |  1802.4015 |  2014.1690 [1902.7744, 89.2751] |  2091.6660 [1888.5202, 89.2751]
   217 |  1815.3712 |  1850.4873 [1828.3678, 0.0000] |  1929.2419 [1815.3712, 0.0000]
   218 |  1542.8605 |  1749.5818 [1727.4623, 0.0000] |  1680.3042 [1566.4334, 0.0000]
   219 |  1686.0564 |  1907.6130 [1885.4936, 0.0000] |  1948.4080 [1769.9125, 64.6248]
   220 |  1592.2522 |  1703.6468 [1592.2522, 89.2751] |  1795.3981 [1592.2522, 89.2751]
   221 |  1493.9300 |  1718.8107 [1493.9300, 202.7612] |  1717.8584 [1603.9877, 0.0000]
   222 |  1651.7153 |  1815.4615 [1793.3421, 0.0000] |  1765.5860 [1651.7153, 0.0000]
   223 |  1409.3864 |  1637.6785 [1615.5590, 0.0000] |  1729.4298 [1615.5590, 0.0000]
   224 |  1323.7959 |  1473.7057 [1386.9615, 64.6248] |  1565.4570 [1386.9615, 64.6248]
   225 |  1593.6375 |  1799.2595 [1593.6375, 183.5025] |  1707.5082 [1593.6375, 0.0000]
   226 |  1702.0611 |  1854.5658 [1767.8215, 64.6248] |  1946.3171 [1767.8215, 64.6248]
   227 |  1677.3018 |  1949.4842 [1708.9178, 218.4469] |  2032.1744 [1918.3037, 0.0000]
   228 |  1676.9655 |  1770.7265 [1748.6070, 0.0000] |  1862.4778 [1748.6070, 0.0000]
   229 |  1787.0049 |  1940.3490 [1853.6047, 64.6248] |  1900.8756 [1787.0049, 0.0000]
   230 |  1418.4377 |  1749.0382 [1573.0187, 153.8999] |  1840.7894 [1573.0187, 153.8999]
   231 |  1620.2092 |  1706.9535 [1620.2092, 64.6248] |  1798.7048 [1620.2092, 64.6248]
   232 |  1575.6260 |  1763.3390 [1651.9444, 89.2751] |  1855.0903 [1651.9444, 89.2751]
   233 |  1718.8585 |  1946.8534 [1924.7339, 0.0000] |  1918.7539 [1804.8832, 0.0000]
   234 |  1728.7137 |  1841.5555 [1754.8112, 64.6248] |  1907.2092 [1728.7137, 64.6248]
   235 |  1877.5968 |  2017.8738 [1995.7544, 0.0000] |  2109.6251 [1995.7544, 0.0000]
   236 |  1909.0870 |  1948.7883 [1926.6688, 0.0000] |  2040.5395 [1926.6688, 0.0000]
   237 |  1707.6905 |  1926.0690 [1839.3248, 64.6248] |  1955.2716 [1841.4009, 0.0000]
   238 |  1468.9163 |  1644.9357 [1468.9163, 153.8999] |  1736.6870 [1468.9163, 153.8999]
   239 |  1583.7585 |  1714.4412 [1692.3218, 0.0000] |  1806.1925 [1692.3218, 0.0000]
   240 |  1322.2897 |  1527.0344 [1504.9149, 0.0000] |  1618.7856 [1504.9149, 0.0000]
   241 |  1645.7385 |  1872.8408 [1645.7385, 204.9829] |  1964.5921 [1645.7385, 204.9829]
   242 |  1692.2645 |  1871.5971 [1849.4776, 0.0000] |  1913.2625 [1710.1167, 89.2751]
   243 |  1612.5110 |  1882.7578 [1612.5110, 248.1273] |  1791.0065 [1612.5110, 64.6248]
   244 |  1424.4348 |  1675.7329 [1499.7134, 153.8999] |  1692.2055 [1424.4348, 153.8999]
   245 |  1801.0438 |  1972.7342 [1885.9899, 64.6248] |  2064.4854 [1885.9899, 64.6248]
   246 |  1656.6316 |  1790.7314 [1703.9872, 64.6248] |  1859.7774 [1656.6316, 89.2751]
   247 |  1737.5513 |  1789.0109 [1766.8914, 0.0000] |  1880.7622 [1766.8914, 0.0000]
   248 |  1627.3329 |  1808.9555 [1786.8361, 0.0000] |  1900.7068 [1786.8361, 0.0000]
   249 |  1536.7859 |  1558.9053 [1536.7859, 0.0000] |  1650.6566 [1536.7859, 0.0000]
   250 |  1676.3979 |  1875.1925 [1763.7978, 89.2751] |  1958.9234 [1755.7775, 89.2751]
   251 |  1606.6229 |  1859.4448 [1772.7005, 64.6248] |  1951.1960 [1772.7005, 64.6248]
   252 |  1584.1919 |  1766.2304 [1744.1110, 0.0000] |  1857.9817 [1744.1110, 0.0000]
   253 |  1649.8822 |  1893.1188 [1806.3746, 64.6248] |  1853.0281 [1649.8822, 89.2751]
   254 |  1791.0435 |  1891.5705 [1869.4510, 0.0000] |  1904.9142 [1791.0435, 0.0000]
   255 |  1610.2762 |  1632.3957 [1610.2762, 0.0000] |  1724.1470 [1610.2762, 0.0000]
   256 |  1674.1325 |  1785.2823 [1698.5380, 64.6248] |  1788.0032 [1674.1325, 0.0000]
   257 |  1526.7226 |  1822.4989 [1597.6182, 202.7612] |  1868.5084 [1754.6377, 0.0000]
   258 |  1697.5622 |  1879.2295 [1857.1100, 0.0000] |  1873.0065 [1759.1358, 0.0000]
   259 |  1933.8509 |  2018.7662 [1996.6467, 0.0000] |  2110.5174 [1996.6467, 0.0000]
   260 |  1717.7039 |  1799.6164 [1777.4969, 0.0000] |  1891.3676 [1777.4969, 0.0000]
   261 |  1859.1465 |  1912.8553 [1890.7359, 0.0000] |  2004.6066 [1890.7359, 0.0000]
   262 |  1659.5926 |  1871.0874 [1848.9679, 0.0000] |  1786.7000 [1672.8293, 0.0000]
   263 |  1632.4485 |  1843.9723 [1757.2280, 64.6248] |  1810.9440 [1632.4485, 64.6248]
   264 |  1620.2283 |  1741.7418 [1719.6223, 0.0000] |  1833.4931 [1719.6223, 0.0000]
   265 |  1647.3715 |  1823.3909 [1647.3715, 153.8999] |  1915.1422 [1647.3715, 153.8999]
   266 |  1668.9601 |  1844.9795 [1668.9601, 153.8999] |  1936.7308 [1668.9601, 153.8999]
   267 |  1601.3459 |  1777.3653 [1601.3459, 153.8999] |  1869.1166 [1601.3459, 153.8999]
   268 |  1445.6607 |  1705.2377 [1683.1182, 0.0000] |  1796.9889 [1683.1182, 0.0000]
   269 |  1535.4312 |  1894.9531 [1535.4312, 337.4024] |  1803.2019 [1535.4312, 153.8999]
   270 |  1431.4239 |  1745.5798 [1431.4239, 292.0364] |  1837.3310 [1431.4239, 292.0364]
   271 |  1703.1526 |  1817.7315 [1795.6120, 0.0000] |  1909.4827 [1795.6120, 0.0000]
   272 |  1475.0325 |  1566.3955 [1544.2760, 0.0000] |  1658.1467 [1544.2760, 0.0000]
   273 |  1665.8116 |  1871.9396 [1785.1953, 64.6248] |  1963.6908 [1785.1953, 64.6248]
   274 |  1652.5511 |  1822.0880 [1735.3437, 64.6248] |  1855.6970 [1652.5511, 89.2751]
   275 |  1737.2552 |  1871.0519 [1848.9324, 0.0000] |  1878.6231 [1764.7523, 0.0000]
   276 |  1679.6650 |  1766.4092 [1679.6650, 64.6248] |  1858.1605 [1679.6650, 64.6248]
   277 |  1842.7609 |  1874.5147 [1852.3952, 0.0000] |  1966.2660 [1852.3952, 0.0000]
   278 |  1889.4118 |  2100.7482 [2078.6287, 0.0000] |  2012.0138 [1898.1431, 0.0000]
   279 |  1559.2518 |  1911.8184 [1641.5717, 248.1273] |  1820.0672 [1641.5717, 64.6248]
   280 |  1877.5474 |  1964.2917 [1877.5474, 64.6248] |  2056.0429 [1877.5474, 64.6248]
   281 |  1666.3312 |  1753.0755 [1666.3312, 64.6248] |  1844.8267 [1666.3312, 64.6248]
   282 |  1498.9089 |  1780.8353 [1510.5885, 248.1273] |  1689.0840 [1510.5885, 64.6248]
   283 |  1673.9125 |  1784.4931 [1762.3736, 0.0000] |  1874.7181 [1760.8474, 0.0000]
   284 |  1632.3284 |  1719.0726 [1632.3284, 64.6248] |  1810.8239 [1632.3284, 64.6248]
   285 |  1433.2651 |  1658.1459 [1433.2651, 202.7612] |  1667.6831 [1553.8124, 0.0000]
   286 |  1537.0456 |  1722.1814 [1610.7868, 89.2751] |  1813.9326 [1610.7868, 89.2751]
   287 |  1548.2786 |  1659.6732 [1548.2786, 89.2751] |  1751.4245 [1548.2786, 89.2751]
   288 |  1565.5564 |  1652.3007 [1565.5564, 64.6248] |  1744.0519 [1565.5564, 64.6248]
   289 |  1772.8972 |  1859.6415 [1772.8972, 64.6248] |  1951.3928 [1772.8972, 64.6248]
   290 |  1768.1293 |  2022.9534 [1936.2091, 64.6248] |  2114.7046 [1936.2091, 64.6248]
   291 |  1613.1367 |  1832.6773 [1721.2826, 89.2751] |  1924.4285 [1721.2826, 89.2751]
   292 |  1702.3126 |  1848.1819 [1826.0625, 0.0000] |  1816.1833 [1702.3126, 0.0000]
   293 |  1647.5239 |  1756.0394 [1669.2951, 64.6248] |  1847.7907 [1669.2951, 64.6248]
   294 |  1748.0569 |  1937.6360 [1826.2414, 89.2751] |  1951.2027 [1748.0569, 89.2751]
   295 |  1828.1384 |  1882.2394 [1860.1199, 0.0000] |  1973.9906 [1860.1199, 0.0000]
   296 |  1387.0260 |  1781.4924 [1387.0260, 372.3469] |  1873.2436 [1387.0260, 372.3469]
   297 |  1575.0009 |  1842.7229 [1617.8422, 202.7612] |  1777.4856 [1663.6149, 0.0000]
   298 |  1630.5293 |  1836.1513 [1630.5293, 183.5025] |  1744.4000 [1630.5293, 0.0000]
   299 |  1503.7496 |  1728.6303 [1503.7496, 202.7612] |  1820.3816 [1503.7496, 202.7612]
   300 |  1443.4492 |  1717.5237 [1541.5043, 153.8999] |  1711.2199 [1443.4492, 153.8999]

  MEDIE VALIDAZIONE OUT-OF-SAMPLE
  PI_val  = 1638.2490
  STO_val = 1820.4426  (politica x_sto applicata out-of-sample)
  EEV_val = 1859.6566  (politica x_ev  applicata out-of-sample)
  VSS_val = EEV_val - STO_val = 39.2141 (2.1087%)
  Gap PI-STO_val = 11.1212%
============================================================

IMPATTO ARCHI CASUALI - VALIDAZIONE
  Scenari analizzati = 300
  Estrazioni casuali totali scenario-specifiche = 9000
  Archi casuali distinti = 92

  Conteggio degli archi casuali che compaiono nei tour
  PI : distinti usati almeno una volta = 91/92 (98.91%) | occorrenze scenario-specifiche = 1273/9000 (14.14%)
  STO: distinti usati almeno una volta = 91/92 (98.91%) | occorrenze scenario-specifiche = 1535/9000 (17.06%)
  EEV: distinti usati almeno una volta = 92/92 (100.00%) | occorrenze scenario-specifiche = 1406/9000 (15.62%)
  ANY: distinti usati in almeno un tour PI/STO/EEV = 92/92 (100.00%) | occorrenze scenario-specifiche = 1960/9000 (21.78%)

  Dettaglio per scenario: sid | casuali | PI | STO | EEV | ANY
     1 |      30 |  4 |   4 |   4 |   4
     2 |      30 |  5 |   5 |   5 |   5
     3 |      30 |  3 |   5 |   3 |   7
     4 |      30 |  5 |   5 |   5 |   6
     5 |      30 |  3 |   3 |   3 |   3
     6 |      30 |  4 |   4 |   6 |  10
     7 |      30 |  5 |   7 |   7 |   7
     8 |      30 |  2 |   6 |   6 |   6
     9 |      30 |  3 |   3 |   3 |   5
    10 |      30 |  4 |   4 |   4 |   7
    11 |      30 |  3 |   6 |   6 |   8
    12 |      30 |  3 |   4 |   4 |   4
    13 |      30 |  6 |   6 |   6 |   6
    14 |      30 |  4 |   7 |   7 |   7
    15 |      30 |  2 |   7 |   4 |   8
    16 |      30 |  5 |   5 |   5 |   9
    17 |      30 |  2 |   4 |   4 |   4
    18 |      30 |  7 |   8 |   5 |  14
    19 |      30 |  3 |   4 |   3 |   4
    20 |      30 |  4 |   5 |   5 |   6
    21 |      30 |  2 |   7 |   4 |   7
    22 |      30 |  4 |   7 |   7 |   9
    23 |      30 |  3 |   3 |   3 |   3
    24 |      30 |  4 |   7 |   7 |  10
    25 |      30 |  4 |   6 |   6 |   6
    26 |      30 |  3 |   3 |   2 |   3
    27 |      30 |  3 |   4 |   3 |   5
    28 |      30 |  4 |   4 |   4 |   4
    29 |      30 |  4 |   7 |   7 |   9
    30 |      30 |  7 |   7 |   7 |  10
    31 |      30 |  6 |   6 |   6 |   8
    32 |      30 |  4 |   7 |   7 |  10
    33 |      30 |  4 |   4 |   4 |   8
    34 |      30 |  5 |   5 |   5 |   6
    35 |      30 |  6 |   5 |   5 |   7
    36 |      30 |  3 |   3 |   3 |   3
    37 |      30 |  4 |   5 |   4 |   8
    38 |      30 |  3 |   3 |   3 |   3
    39 |      30 |  7 |   7 |   7 |   7
    40 |      30 |  5 |   6 |   5 |   6
    41 |      30 |  3 |   6 |   6 |   7
    42 |      30 |  4 |   6 |   6 |   8
    43 |      30 |  4 |   4 |   5 |   7
    44 |      30 |  3 |   3 |   3 |   5
    45 |      30 |  2 |   2 |   2 |   2
    46 |      30 |  5 |   5 |   5 |   5
    47 |      30 |  4 |   6 |   4 |   6
    48 |      30 |  4 |   6 |   4 |   7
    49 |      30 |  7 |   7 |   7 |   7
    50 |      30 |  1 |   7 |   5 |  10
    51 |      30 |  3 |   3 |   3 |   4
    52 |      30 |  3 |   6 |   4 |  10
    53 |      30 |  3 |   6 |   6 |   7
    54 |      30 |  5 |   3 |   5 |   7
    55 |      30 |  6 |   6 |   5 |   6
    56 |      30 |  4 |   4 |   4 |   6
    57 |      30 |  6 |   6 |   6 |   6
    58 |      30 |  4 |   6 |   4 |   8
    59 |      30 |  4 |   4 |   4 |   8
    60 |      30 |  1 |   4 |   4 |   4
    61 |      30 |  6 |   6 |   4 |  10
    62 |      30 |  4 |   5 |   5 |   6
    63 |      30 |  6 |   6 |   3 |   8
    64 |      30 |  6 |   5 |   5 |   7
    65 |      30 |  4 |   4 |   4 |   4
    66 |      30 |  4 |   5 |   5 |   6
    67 |      30 |  3 |   4 |   4 |   4
    68 |      30 |  3 |   3 |   3 |   3
    69 |      30 |  6 |   6 |   6 |   6
    70 |      30 |  4 |   4 |   4 |   5
    71 |      30 |  4 |   5 |   5 |   5
    72 |      30 |  7 |   7 |   7 |   7
    73 |      30 |  4 |   7 |   7 |   8
    74 |      30 |  4 |   4 |   4 |   4
    75 |      30 |  6 |   5 |   4 |  10
    76 |      30 |  6 |   6 |   6 |   6
    77 |      30 |  3 |   6 |   5 |   7
    78 |      30 |  1 |   2 |   2 |   2
    79 |      30 |  4 |   4 |   2 |   4
    80 |      30 |  2 |   2 |   5 |   7
    81 |      30 |  4 |   3 |   3 |   5
    82 |      30 |  2 |   7 |   7 |   8
    83 |      30 |  4 |   5 |   5 |   8
    84 |      30 |  3 |   3 |   3 |   5
    85 |      30 |  5 |   5 |   5 |   5
    86 |      30 |  4 |   5 |   5 |   5
    87 |      30 |  3 |   5 |   5 |   5
    88 |      30 |  6 |   6 |   3 |   7
    89 |      30 |  7 |   7 |   7 |   9
    90 |      30 |  3 |   5 |   3 |   7
    91 |      30 |  5 |   8 |   8 |  11
    92 |      30 |  2 |   6 |   2 |   6
    93 |      30 |  4 |   4 |   4 |   5
    94 |      30 |  3 |   4 |   3 |   7
    95 |      30 |  3 |   6 |   6 |   7
    96 |      30 |  2 |   5 |   7 |   7
    97 |      30 |  4 |   4 |   3 |   9
    98 |      30 |  7 |   5 |   7 |  10
    99 |      30 |  4 |   8 |   8 |  11
   100 |      30 |  6 |   6 |   4 |   9
   101 |      30 |  6 |   6 |   6 |   6
   102 |      30 |  3 |   4 |   4 |   5
   103 |      30 |  3 |   4 |   3 |   4
   104 |      30 |  3 |   5 |   3 |   5
   105 |      30 |  4 |   7 |   7 |   7
   106 |      30 |  3 |   7 |   7 |  12
   107 |      30 |  5 |   5 |   5 |   5
   108 |      30 |  5 |   5 |   3 |   6
   109 |      30 |  5 |   5 |   5 |   5
   110 |      30 |  2 |   3 |   2 |   3
   111 |      30 |  3 |   8 |   5 |  10
   112 |      30 |  6 |   8 |   7 |   8
   113 |      30 |  3 |   4 |   4 |   7
   114 |      30 |  5 |   5 |   4 |   9
   115 |      30 |  4 |   8 |   8 |  10
   116 |      30 |  4 |   6 |   6 |  10
   117 |      30 |  4 |   6 |   6 |   8
   118 |      30 |  6 |   7 |   5 |   8
   119 |      30 |  3 |   3 |   3 |   7
   120 |      30 |  5 |   5 |   5 |   5
   121 |      30 |  4 |   6 |   4 |  10
   122 |      30 |  5 |   5 |   5 |   5
   123 |      30 |  4 |   3 |   2 |   7
   124 |      30 |  4 |   4 |   4 |   4
   125 |      30 |  7 |   7 |   7 |   7
   126 |      30 |  2 |   2 |   2 |   2
   127 |      30 |  6 |   6 |   6 |   6
   128 |      30 |  3 |   5 |   5 |   7
   129 |      30 |  7 |   7 |   7 |   7
   130 |      30 |  6 |   5 |   4 |  10
   131 |      30 |  4 |   6 |   4 |   8
   132 |      30 |  3 |   3 |   3 |   3
   133 |      30 |  3 |   5 |   2 |   7
   134 |      30 |  3 |   4 |   3 |   5
   135 |      30 |  5 |   5 |   5 |   5
   136 |      30 |  4 |   5 |   5 |   9
   137 |      30 |  6 |   6 |   6 |   9
   138 |      30 |  4 |   4 |   4 |   4
   139 |      30 |  3 |   4 |   4 |   5
   140 |      30 |  5 |   5 |   2 |   6
   141 |      30 |  5 |   5 |   5 |   8
   142 |      30 |  4 |   4 |   4 |   7
   143 |      30 |  2 |   4 |   4 |   7
   144 |      30 |  8 |   8 |   8 |   8
   145 |      30 |  5 |   6 |   4 |   8
   146 |      30 |  4 |   4 |   4 |   9
   147 |      30 |  6 |   6 |   6 |   6
   148 |      30 |  8 |   8 |   8 |   8
   149 |      30 |  2 |   6 |   6 |   7
   150 |      30 |  4 |   3 |   3 |   6
   151 |      30 |  3 |   4 |   3 |   4
   152 |      30 |  5 |   5 |   5 |   8
   153 |      30 |  5 |   5 |   4 |   7
   154 |      30 |  5 |   5 |   5 |   5
   155 |      30 |  5 |   5 |   5 |   5
   156 |      30 |  1 |   3 |   2 |   6
   157 |      30 |  4 |   4 |   4 |   4
   158 |      30 |  3 |   7 |   3 |   8
   159 |      30 |  3 |   3 |   3 |   3
   160 |      30 |  4 |   4 |   4 |   5
   161 |      30 |  4 |   4 |   4 |   4
   162 |      30 |  1 |   4 |   3 |   7
   163 |      30 |  7 |   7 |   7 |   8
   164 |      30 |  4 |   6 |   4 |   7
   165 |      30 |  3 |   4 |   3 |   6
   166 |      30 |  3 |   4 |   4 |   7
   167 |      30 |  5 |   5 |   5 |   7
   168 |      30 |  6 |   6 |   4 |   6
   169 |      30 |  4 |   4 |   4 |   4
   170 |      30 |  4 |   5 |   4 |   7
   171 |      30 |  4 |   5 |   5 |   8
   172 |      30 |  5 |   6 |   5 |   9
   173 |      30 |  6 |   4 |   4 |   8
   174 |      30 |  5 |   5 |   4 |   6
   175 |      30 |  6 |   6 |   6 |   6
   176 |      30 |  7 |   7 |   7 |   7
   177 |      30 |  4 |   4 |   3 |   7
   178 |      30 |  5 |   5 |   5 |   5
   179 |      30 |  1 |   3 |   3 |   4
   180 |      30 |  4 |   5 |   5 |   7
   181 |      30 |  3 |   3 |   3 |   3
   182 |      30 |  5 |   5 |   5 |   5
   183 |      30 |  4 |   4 |   4 |   5
   184 |      30 |  4 |   4 |   4 |   7
   185 |      30 |  3 |   3 |   3 |   3
   186 |      30 |  6 |   7 |   7 |   9
   187 |      30 |  6 |   5 |   5 |   8
   188 |      30 |  6 |   6 |   6 |   7
   189 |      30 |  3 |   3 |   3 |   3
   190 |      30 |  4 |   7 |   6 |   9
   191 |      30 |  5 |   4 |   4 |   6
   192 |      30 |  3 |   5 |   5 |   5
   193 |      30 |  5 |   5 |   5 |   6
   194 |      30 |  4 |   5 |   5 |   8
   195 |      30 |  2 |   6 |   6 |   8
   196 |      30 |  5 |   4 |   4 |   6
   197 |      30 |  1 |   4 |   4 |   4
   198 |      30 |  2 |   6 |   6 |   6
   199 |      30 |  6 |   6 |   6 |   6
   200 |      30 |  5 |   6 |   6 |  10
   201 |      30 |  6 |   6 |   6 |   6
   202 |      30 |  2 |   2 |   2 |   2
   203 |      30 |  4 |   5 |   5 |   7
   204 |      30 |  4 |   4 |   4 |   4
   205 |      30 |  5 |   5 |   5 |   5
   206 |      30 |  4 |   4 |   4 |   6
   207 |      30 |  5 |   5 |   5 |   8
   208 |      30 |  8 |   8 |   5 |  10
   209 |      30 |  3 |   3 |   3 |   3
   210 |      30 |  1 |   4 |   3 |   4
   211 |      30 |  5 |   7 |   7 |   9
   212 |      30 |  3 |   4 |   4 |   4
   213 |      30 |  3 |   4 |   4 |   7
   214 |      30 |  7 |   7 |   7 |   7
   215 |      30 |  3 |   6 |   3 |   6
   216 |      30 |  3 |   4 |   4 |   9
   217 |      30 |  4 |   5 |   4 |   6
   218 |      30 |  3 |   6 |   4 |   6
   219 |      30 |  4 |   5 |   3 |  11
   220 |      30 |  6 |   6 |   6 |   6
   221 |      30 |  5 |   5 |   4 |   5
   222 |      30 |  6 |   6 |   6 |   7
   223 |      30 |  7 |   8 |   8 |   8
   224 |      30 |  3 |   5 |   5 |   5
   225 |      30 |  4 |   4 |   4 |   4
   226 |      30 |  5 |   4 |   4 |   9
   227 |      30 |  5 |   4 |   5 |   8
   228 |      30 |  4 |   5 |   5 |   7
   229 |      30 |  3 |   5 |   3 |   7
   230 |      30 |  6 |   5 |   5 |   6
   231 |      30 |  5 |   5 |   5 |   5
   232 |      30 |  4 |   3 |   3 |   4
   233 |      30 |  5 |   7 |   5 |  10
   234 |      30 |  3 |   5 |   3 |   8
   235 |      30 |  6 |   3 |   3 |   7
   236 |      30 |  4 |   3 |   3 |   6
   237 |      30 |  7 |   5 |   5 |  11
   238 |      30 |  6 |   6 |   6 |   6
   239 |      30 |  5 |   3 |   3 |   7
   240 |      30 |  3 |   5 |   5 |   5
   241 |      30 |  4 |   4 |   4 |   4
   242 |      30 |  4 |   4 |   3 |   6
   243 |      30 |  5 |   5 |   5 |   5
   244 |      30 |  2 |   5 |   2 |   5
   245 |      30 |  3 |   5 |   5 |   7
   246 |      30 |  4 |   5 |   4 |   7
   247 |      30 |  3 |   4 |   4 |   6
   248 |      30 |  6 |   7 |   7 |   7
   249 |      30 |  6 |   6 |   6 |   6
   250 |      30 |  4 |   5 |   1 |   7
   251 |      30 |  6 |   6 |   6 |   8
   252 |      30 |  5 |   6 |   6 |   6
   253 |      30 |  3 |   6 |   3 |   7
   254 |      30 |  3 |   5 |   3 |   7
   255 |      30 |  5 |   5 |   5 |   5
   256 |      30 |  5 |   6 |   5 |  10
   257 |      30 |  6 |   6 |   6 |   8
   258 |      30 |  2 |   5 |   4 |   7
   259 |      30 |  3 |   6 |   6 |   8
   260 |      30 |  4 |   5 |   5 |   5
   261 |      30 |  5 |   6 |   6 |   6
   262 |      30 |  4 |   7 |   6 |  12
   263 |      30 |  3 |   5 |   3 |   6
   264 |      30 |  6 |   7 |   7 |  12
   265 |      30 |  5 |   5 |   5 |   5
   266 |      30 |  6 |   6 |   6 |   6
   267 |      30 |  5 |   5 |   5 |   5
   268 |      30 |  5 |   5 |   5 |   8
   269 |      30 |  3 |   3 |   3 |   3
   270 |      30 |  4 |   4 |   4 |   4
   271 |      30 |  3 |   5 |   5 |   7
   272 |      30 |  4 |   6 |   6 |   7
   273 |      30 |  3 |   6 |   6 |   6
   274 |      30 |  3 |   5 |   3 |   8
   275 |      30 |  3 |   5 |   4 |   8
   276 |      30 |  5 |   5 |   5 |   5
   277 |      30 |  5 |   5 |   5 |   9
   278 |      30 |  3 |   4 |   4 |   7
   279 |      30 |  5 |   7 |   7 |   7
   280 |      30 |  5 |   5 |   5 |   5
   281 |      30 |  7 |   7 |   7 |   7
   282 |      30 |  5 |   5 |   5 |   6
   283 |      30 |  3 |   6 |   4 |   7
   284 |      30 |  8 |   8 |   8 |   8
   285 |      30 |  3 |   3 |   3 |   3
   286 |      30 |  6 |   7 |   7 |  11
   287 |      30 |  8 |   8 |   8 |   8
   288 |      30 |  7 |   7 |   7 |   7
   289 |      30 |  5 |   5 |   5 |   5
   290 |      30 |  3 |   6 |   6 |   9
   291 |      30 |  3 |   5 |   5 |   5
   292 |      30 |  3 |   3 |   3 |   3
   293 |      30 |  5 |   7 |   7 |   9
   294 |      30 |  4 |   5 |   4 |   7
   295 |      30 |  5 |   8 |   8 |   9
   296 |      30 |  5 |   5 |   5 |   5
   297 |      30 |  2 |   2 |   2 |   2
   298 |      30 |  3 |   3 |   3 |   3
   299 |      30 |  6 |   6 |   6 |   6
   300 |      30 |  3 |   6 |   3 |   6


============================================================
VALIDAZIONE OUT-OF-SAMPLE
  Scenari: 300 | seme: VALIDATION_SEED=99
  Politica STO: [(70, 99)] (1 archi prenotati)
  Politica EEV: [(70, 97), (70, 99)] (2 archi prenotati)

  Scen |         PI |    STO_val [perc, multa] |    EEV_val [perc, multa]
     1 |  1490.0237 |  1717.1260 [1490.0237, 204.9829] |  1808.8773 [1490.0237, 204.9829]
     2 |  1574.7326 |  1686.1272 [1574.7326, 89.2751] |  1777.8785 [1574.7326, 89.2751]
     3 |  1725.0532 |  1887.1836 [1865.0641, 0.0000] |  1903.5487 [1725.0532, 64.6248]
     4 |  1646.9443 |  1896.4805 [1809.7362, 64.6248] |  1825.4399 [1646.9443, 64.6248]
     5 |  1734.4107 |  2004.6575 [1734.4107, 248.1273] |  1912.9063 [1734.4107, 64.6248]
     6 |  1701.5052 |  1953.8426 [1867.0984, 64.6248] |  1919.0601 [1715.9143, 89.2751]
     7 |  1487.4332 |  1767.7069 [1562.0850, 183.5025] |  1675.9557 [1562.0850, 0.0000]
     8 |  1755.9355 |  1937.6552 [1915.5357, 0.0000] |  2029.4064 [1915.5357, 0.0000]
     9 |  1482.5271 |  1772.2393 [1566.6173, 183.5025] |  1680.4880 [1566.6173, 0.0000]
    10 |  1669.6184 |  2064.0847 [1669.6184, 372.3469] |  1983.1892 [1780.0433, 89.2751]
    11 |  1638.1129 |  1780.8112 [1758.6918, 0.0000] |  1872.5625 [1758.6918, 0.0000]
    12 |  1686.8051 |  1841.3088 [1729.9142, 89.2751] |  1933.0600 [1729.9142, 89.2751]
    13 |  1675.2819 |  1697.4014 [1675.2819, 0.0000] |  1789.1526 [1675.2819, 0.0000]
    14 |  1586.5659 |  1915.4485 [1893.3290, 0.0000] |  2007.1998 [1893.3290, 0.0000]
    15 |  1583.2326 |  1841.5397 [1665.5203, 153.8999] |  1851.7214 [1583.9507, 153.8999]
    16 |  1714.2937 |  1808.4170 [1786.2975, 0.0000] |  1900.1682 [1786.2975, 0.0000]
    17 |  1505.5491 |  1799.2625 [1529.0157, 248.1273] |  1707.5113 [1529.0157, 64.6248]
    18 |  1713.0222 |  1965.7131 [1738.6108, 204.9829] |  1928.9647 [1815.0939, 0.0000]
    19 |  1597.0846 |  1835.8834 [1749.1392, 64.6248] |  1775.5801 [1597.0846, 64.6248]
    20 |  1296.7926 |  1528.0591 [1322.4371, 183.5025] |  1436.3078 [1322.4371, 0.0000]
    21 |  1814.6277 |  1928.9592 [1906.8398, 0.0000] |  1982.7400 [1868.8693, 0.0000]
    22 |  1589.0244 |  1739.8272 [1717.7077, 0.0000] |  1831.5785 [1717.7077, 0.0000]
    23 |  1606.3167 |  1693.0610 [1606.3167, 64.6248] |  1784.8122 [1606.3167, 64.6248]
    24 |  1647.8703 |  1831.7317 [1809.6122, 0.0000] |  1923.4830 [1809.6122, 0.0000]
    25 |  1691.7823 |  1961.7716 [1875.0273, 64.6248] |  2053.5228 [1875.0273, 64.6248]
    26 |  1558.6828 |  1848.1883 [1558.6828, 267.3860] |  1931.1439 [1752.6484, 64.6248]
    27 |  1833.0329 |  2026.4722 [2004.3527, 0.0000] |  2010.0003 [1896.1296, 0.0000]
    28 |  1690.9611 |  1713.0806 [1690.9611, 0.0000] |  1804.8319 [1690.9611, 0.0000]
    29 |  1770.5438 |  1937.0411 [1914.9216, 0.0000] |  2028.7924 [1914.9216, 0.0000]
    30 |  1856.0967 |  2028.5027 [1941.7584, 64.6248] |  2120.2540 [1941.7584, 64.6248]
    31 |  1489.8193 |  1776.6215 [1689.8772, 64.6248] |  1868.3727 [1689.8772, 64.6248]
    32 |  1571.6270 |  1945.7419 [1720.8612, 202.7612] |  2037.4932 [1720.8612, 202.7612]
    33 |  1714.7481 |  1889.9007 [1778.5061, 89.2751] |  1981.6520 [1778.5061, 89.2751]
    34 |  1328.9132 |  1634.1045 [1328.9132, 283.0717] |  1579.9213 [1376.7754, 89.2751]
    35 |  1596.2207 |  1690.2057 [1668.0862, 0.0000] |  1781.9570 [1668.0862, 0.0000]
    36 |  1836.4745 |  1923.2187 [1836.4745, 64.6248] |  2014.9700 [1836.4745, 64.6248]
    37 |  1843.6047 |  2050.0401 [1963.2959, 64.6248] |  2108.9533 [1930.4578, 64.6248]
    38 |  1714.2798 |  1890.2992 [1714.2798, 153.8999] |  1982.0505 [1714.2798, 153.8999]
    39 |  1691.5917 |  1961.8385 [1691.5917, 248.1273] |  1870.0872 [1691.5917, 64.6248]
    40 |  1686.8558 |  1850.6975 [1828.5780, 0.0000] |  1800.7266 [1686.8558, 0.0000]
    41 |  1641.2549 |  1670.1647 [1648.0452, 0.0000] |  1761.9160 [1648.0452, 0.0000]
    42 |  1588.6888 |  1792.8881 [1770.7686, 0.0000] |  1884.6393 [1770.7686, 0.0000]
    43 |  1576.6377 |  1709.4477 [1687.3283, 0.0000] |  1755.7855 [1641.9148, 0.0000]
    44 |  1623.4914 |  1950.1098 [1679.8630, 248.1273] |  1858.3585 [1679.8630, 64.6248]
    45 |  1718.8141 |  1989.0609 [1718.8141, 248.1273] |  1897.3096 [1718.8141, 64.6248]
    46 |  1722.6895 |  1744.8090 [1722.6895, 0.0000] |  1836.5602 [1722.6895, 0.0000]
    47 |  1575.2129 |  1869.6061 [1644.7254, 202.7612] |  1835.0983 [1721.2276, 0.0000]
    48 |  1434.3835 |  1630.8206 [1608.7012, 0.0000] |  1612.8790 [1434.3835, 64.6248]
    49 |  1600.7071 |  1827.8094 [1600.7071, 204.9829] |  1919.5607 [1600.7071, 204.9829]
    50 |  1717.7835 |  1896.3686 [1784.9740, 89.2751] |  1948.1756 [1745.0297, 89.2751]
    51 |  1832.3858 |  1993.5911 [1971.4716, 0.0000] |  1948.2964 [1834.4256, 0.0000]
    52 |  1627.0884 |  1937.0554 [1709.9531, 204.9829] |  1993.8552 [1815.3596, 64.6248]
    53 |  1436.6960 |  1590.0936 [1567.9741, 0.0000] |  1681.8448 [1567.9741, 0.0000]
    54 |  1610.1302 |  1750.3023 [1728.1828, 0.0000] |  1745.5657 [1631.6949, 0.0000]
    55 |  1663.6606 |  1953.1661 [1663.6606, 267.3860] |  1886.5294 [1708.0339, 64.6248]
    56 |  1683.4257 |  2019.7922 [1933.0480, 64.6248] |  1946.2688 [1767.7733, 64.6248]
    57 |  1329.5154 |  1440.9100 [1329.5154, 89.2751] |  1532.6612 [1329.5154, 89.2751]
    58 |  1757.5896 |  1961.6751 [1850.2805, 89.2751] |  1972.6516 [1769.5057, 89.2751]
    59 |  1617.5860 |  1860.5796 [1838.4602, 0.0000] |  1796.0815 [1617.5860, 64.6248]
    60 |  1734.1250 |  1851.8412 [1829.7218, 0.0000] |  1943.5925 [1829.7218, 0.0000]
    61 |  1572.8102 |  1713.6479 [1626.9036, 64.6248] |  1782.5395 [1604.0439, 64.6248]
    62 |  1575.7930 |  1744.9088 [1658.1645, 64.6248] |  1836.6600 [1658.1645, 64.6248]
    63 |  1706.1829 |  1933.2853 [1706.1829, 204.9829] |  1986.2149 [1718.4443, 153.8999]
    64 |  1589.0867 |  1822.1316 [1800.0121, 0.0000] |  1913.8828 [1800.0121, 0.0000]
    65 |  1596.5548 |  1802.1768 [1596.5548, 183.5025] |  1710.4256 [1596.5548, 0.0000]
    66 |  1516.2099 |  1786.6887 [1516.4419, 248.1273] |  1694.9375 [1516.4419, 64.6248]
    67 |  1610.1060 |  1851.3811 [1624.2788, 204.9829] |  1943.1324 [1624.2788, 204.9829]
    68 |  1603.9048 |  1874.1515 [1603.9048, 248.1273] |  1782.4003 [1603.9048, 64.6248]
    69 |  1671.0205 |  1693.1400 [1671.0205, 0.0000] |  1784.8913 [1671.0205, 0.0000]
    70 |  1437.7535 |  1644.2665 [1557.5222, 64.6248] |  1736.0177 [1557.5222, 64.6248]
    71 |  1566.4882 |  1625.8828 [1603.7633, 0.0000] |  1717.6340 [1603.7633, 0.0000]
    72 |  1639.7968 |  1751.1915 [1639.7968, 89.2751] |  1842.9427 [1639.7968, 89.2751]
    73 |  1737.5412 |  1833.5875 [1746.8432, 64.6248] |  1925.3387 [1746.8432, 64.6248]
    74 |  1630.6305 |  1742.0252 [1630.6305, 89.2751] |  1833.7764 [1630.6305, 89.2751]
    75 |  1632.3549 |  1919.3580 [1832.6137, 64.6248] |  1920.7380 [1742.2425, 64.6248]
    76 |  1832.2792 |  1854.3987 [1832.2792, 0.0000] |  1946.1500 [1832.2792, 0.0000]
    77 |  1753.1468 |  1945.5253 [1858.7810, 64.6248] |  1878.9081 [1765.0374, 0.0000]
    78 |  1624.1201 |  1840.4232 [1634.8013, 183.5025] |  1748.6720 [1634.8013, 0.0000]
    79 |  1660.7731 |  1887.8754 [1660.7731, 204.9829] |  1936.1561 [1733.0102, 89.2751]
    80 |  1388.8489 |  1783.3153 [1388.8489, 372.3469] |  1719.3256 [1605.4549, 0.0000]
    81 |  1469.3939 |  1788.3649 [1612.3454, 153.8999] |  1880.1161 [1612.3454, 153.8999]
    82 |  1729.3451 |  1838.6304 [1816.5109, 0.0000] |  1930.3816 [1816.5109, 0.0000]
    83 |  1726.9942 |  1852.2086 [1830.0891, 0.0000] |  1943.9599 [1830.0891, 0.0000]
    84 |  1286.7694 |  1513.8717 [1286.7694, 204.9829] |  1599.6640 [1485.7932, 0.0000]
    85 |  1498.0159 |  1722.8966 [1498.0159, 202.7612] |  1814.6479 [1498.0159, 202.7612]
    86 |  1655.6125 |  1773.4892 [1662.0946, 89.2751] |  1865.2405 [1662.0946, 89.2751]
    87 |  1722.5038 |  1869.0491 [1846.9297, 0.0000] |  1868.8547 [1754.9840, 0.0000]
    88 |  1672.0666 |  1899.1689 [1672.0666, 204.9829] |  1914.3780 [1800.5073, 0.0000]
    89 |  1292.3998 |  1529.5989 [1442.8547, 64.6248] |  1621.3502 [1442.8547, 64.6248]
    90 |  1738.9856 |  2071.7288 [2049.6093, 0.0000] |  2031.6670 [1917.7962, 0.0000]
    91 |  1756.7973 |  1947.2984 [1925.1790, 0.0000] |  2039.0497 [1925.1790, 0.0000]
    92 |  1656.5671 |  1919.6434 [1808.2488, 89.2751] |  1924.3378 [1656.5671, 153.8999]
    93 |  1636.3908 |  1925.9341 [1701.0534, 202.7612] |  2017.6854 [1701.0534, 202.7612]
    94 |  1807.5358 |  1959.5772 [1872.8329, 64.6248] |  1986.0314 [1807.5358, 64.6248]
    95 |  1622.8059 |  1880.3522 [1793.6080, 64.6248] |  1972.1035 [1793.6080, 64.6248]
    96 |  1612.7344 |  1988.8973 [1902.1530, 64.6248] |  1907.3772 [1728.8816, 64.6248]
    97 |  1668.3234 |  1944.6607 [1833.2661, 89.2751] |  1855.7312 [1741.8605, 0.0000]
    98 |  1856.2292 |  2016.2820 [1994.1625, 0.0000] |  1970.0999 [1856.2292, 0.0000]
    99 |  1513.8377 |  1675.5308 [1653.4113, 0.0000] |  1767.2820 [1653.4113, 0.0000]
   100 |  1601.3717 |  1840.4636 [1818.3442, 0.0000] |  1848.2727 [1734.4019, 0.0000]
   101 |  1654.3518 |  1765.7464 [1654.3518, 89.2751] |  1857.4977 [1654.3518, 89.2751]
   102 |  1599.8549 |  1705.7763 [1619.0320, 64.6248] |  1797.5276 [1619.0320, 64.6248]
   103 |  1486.0295 |  1778.0932 [1666.6986, 89.2751] |  1689.1753 [1486.0295, 89.2751]
   104 |  1555.9043 |  1631.7919 [1609.6724, 0.0000] |  1669.7751 [1555.9043, 0.0000]
   105 |  1562.2010 |  1631.6337 [1609.5142, 0.0000] |  1723.3849 [1609.5142, 0.0000]
   106 |  1641.3141 |  1816.1535 [1794.0340, 0.0000] |  1898.4365 [1784.5658, 0.0000]
   107 |  1666.9530 |  1894.0553 [1666.9530, 204.9829] |  1985.8066 [1666.9530, 204.9829]
   108 |  1688.1528 |  1915.2551 [1688.1528, 204.9829] |  2000.4634 [1886.5926, 0.0000]
   109 |  1608.4769 |  1695.2212 [1608.4769, 64.6248] |  1786.9724 [1608.4769, 64.6248]
   110 |  1764.7505 |  1832.3265 [1810.2070, 0.0000] |  1878.6213 [1764.7505, 0.0000]
   111 |  1788.5497 |  2019.9539 [1997.8344, 0.0000] |  1974.9199 [1861.0492, 0.0000]
   112 |  1566.6585 |  1683.4748 [1661.3553, 0.0000] |  1685.5277 [1571.6569, 0.0000]
   113 |  1610.3632 |  1779.0764 [1756.9569, 0.0000] |  1870.8276 [1756.9569, 0.0000]
   114 |  1654.1446 |  1870.7653 [1848.6458, 0.0000] |  1827.5330 [1713.6622, 0.0000]
   115 |  1698.7009 |  1811.8401 [1700.4455, 89.2751] |  1903.5914 [1700.4455, 89.2751]
   116 |  1678.7060 |  1818.0966 [1731.3523, 64.6248] |  1909.8479 [1731.3523, 64.6248]
   117 |  1648.9448 |  1903.8403 [1792.4457, 89.2751] |  1995.5916 [1792.4457, 89.2751]
   118 |  1522.9810 |  1805.0805 [1693.6858, 89.2751] |  1834.0095 [1630.8636, 89.2751]
   119 |  1459.7108 |  1727.3811 [1640.6368, 64.6248] |  1690.2837 [1511.7881, 64.6248]
   120 |  1744.1406 |  1830.8849 [1744.1406, 64.6248] |  1922.6361 [1744.1406, 64.6248]
   121 |  1788.9188 |  1976.1161 [1889.3719, 64.6248] |  1967.4143 [1788.9188, 64.6248]
   122 |  1421.3772 |  1716.2744 [1421.3772, 272.7776] |  1624.5231 [1421.3772, 89.2751]
   123 |  1716.7750 |  1934.3050 [1912.1856, 0.0000] |  1990.4831 [1787.3372, 89.2751]
   124 |  1546.8826 |  1569.0020 [1546.8826, 0.0000] |  1660.7533 [1546.8826, 0.0000]
   125 |  1628.4805 |  1650.5999 [1628.4805, 0.0000] |  1742.3512 [1628.4805, 0.0000]
   126 |  1587.0561 |  1946.5780 [1587.0561, 337.4024] |  1854.8267 [1587.0561, 153.8999]
   127 |  1607.6495 |  1834.7519 [1607.6495, 204.9829] |  1926.5031 [1607.6495, 204.9829]
   128 |  1700.4185 |  1882.4667 [1771.0720, 89.2751] |  1974.2179 [1771.0720, 89.2751]
   129 |  1374.4965 |  1485.8911 [1374.4965, 89.2751] |  1577.6424 [1374.4965, 89.2751]
   130 |  1561.3920 |  1884.9746 [1660.0938, 202.7612] |  1877.9135 [1764.0428, 0.0000]
   131 |  1766.2089 |  1865.9465 [1779.2023, 64.6248] |  1880.5391 [1766.6684, 0.0000]
   132 |  1738.6582 |  1825.4024 [1738.6582, 64.6248] |  1917.1537 [1738.6582, 64.6248]
   133 |  1826.7527 |  1928.2144 [1906.0949, 0.0000] |  1956.2043 [1842.3336, 0.0000]
   134 |  1750.5223 |  1939.0935 [1916.9740, 0.0000] |  1929.0178 [1750.5223, 64.6248]
   135 |  1647.8453 |  1867.1989 [1661.5769, 183.5025] |  1775.4476 [1661.5769, 0.0000]
   136 |  1824.0483 |  1993.4145 [1971.2950, 0.0000] |  2085.1657 [1971.2950, 0.0000]
   137 |  1612.2180 |  1646.8791 [1624.7596, 0.0000] |  1738.6304 [1624.7596, 0.0000]
   138 |  1608.4338 |  1697.6018 [1610.8575, 64.6248] |  1789.3530 [1610.8575, 64.6248]
   139 |  1682.7987 |  1947.6278 [1742.0058, 183.5025] |  1855.8766 [1742.0058, 0.0000]
   140 |  1681.4776 |  1768.2219 [1681.4776, 64.6248] |  1846.5210 [1732.6503, 0.0000]
   141 |  1545.3999 |  1818.6504 [1707.2557, 89.2751] |  1748.5458 [1545.3999, 89.2751]
   142 |  1602.9871 |  1830.0894 [1602.9871, 204.9829] |  1898.8073 [1695.6614, 89.2751]
   143 |  1744.3784 |  1964.4941 [1942.3746, 0.0000] |  1941.4453 [1827.5746, 0.0000]
   144 |  1777.3675 |  1799.4870 [1777.3675, 0.0000] |  1891.2382 [1777.3675, 0.0000]
   145 |  1733.1331 |  1786.5958 [1764.4763, 0.0000] |  1867.9630 [1754.0923, 0.0000]
   146 |  1676.9201 |  1855.8669 [1833.7474, 0.0000] |  1907.6756 [1793.8049, 0.0000]
   147 |  1672.7162 |  1759.4605 [1672.7162, 64.6248] |  1851.2117 [1672.7162, 64.6248]
   148 |  1488.6585 |  1600.0531 [1488.6585, 89.2751] |  1691.8044 [1488.6585, 89.2751]
   149 |  1606.4283 |  1823.0538 [1711.6591, 89.2751] |  1914.8050 [1711.6591, 89.2751]
   150 |  1721.5730 |  1919.8548 [1897.7353, 0.0000] |  2011.6060 [1897.7353, 0.0000]
   151 |  1727.5580 |  1871.4113 [1784.6670, 64.6248] |  1906.0535 [1727.5580, 64.6248]
   152 |  1747.1740 |  1833.9183 [1747.1740, 64.6248] |  1892.3052 [1778.4345, 0.0000]
   153 |  1472.2573 |  1712.8238 [1472.2573, 218.4469] |  1754.2976 [1640.4269, 0.0000]
   154 |  1467.8877 |  1757.3932 [1467.8877, 267.3860] |  1849.1445 [1467.8877, 267.3860]
   155 |  1411.0117 |  1616.6337 [1411.0117, 183.5025] |  1524.8824 [1411.0117, 0.0000]
   156 |  1917.3516 |  2102.8008 [1926.7814, 153.8999] |  2074.6834 [1960.8127, 0.0000]
   157 |  1257.3631 |  1552.2602 [1257.3631, 272.7776] |  1460.5090 [1257.3631, 89.2751]
   158 |  1547.4711 |  1840.3554 [1753.6111, 64.6248] |  1815.2417 [1547.4711, 153.8999]
   159 |  1672.3603 |  1759.1046 [1672.3603, 64.6248] |  1850.8558 [1672.3603, 64.6248]
   160 |  1495.0130 |  1635.5704 [1524.1757, 89.2751] |  1727.3216 [1524.1757, 89.2751]
   161 |  1496.3279 |  1607.7225 [1496.3279, 89.2751] |  1699.4738 [1496.3279, 89.2751]
   162 |  1761.3491 |  2101.0857 [1873.9834, 204.9829] |  2178.7260 [2064.8553, 0.0000]
   163 |  1540.3451 |  1856.7226 [1540.3451, 294.2580] |  1852.0571 [1648.9112, 89.2751]
   164 |  1764.2565 |  1926.2770 [1904.1576, 0.0000] |  1964.9681 [1851.0974, 0.0000]
   165 |  1770.3856 |  1903.6294 [1792.2348, 89.2751] |  1980.3657 [1777.2198, 89.2751]
   166 |  1686.3202 |  1806.0622 [1694.6676, 89.2751] |  1897.8135 [1694.6676, 89.2751]
   167 |  1662.0898 |  1840.1700 [1818.0506, 0.0000] |  1775.9606 [1662.0898, 0.0000]
   168 |  1668.0698 |  1779.4645 [1668.0698, 89.2751] |  1869.2331 [1755.3623, 0.0000]
   169 |  1581.7399 |  1757.7594 [1581.7399, 153.8999] |  1849.5106 [1581.7399, 153.8999]
   170 |  1717.1809 |  1953.3120 [1931.1925, 0.0000] |  1923.7838 [1720.6379, 89.2751]
   171 |  1656.6609 |  1791.5191 [1769.3996, 0.0000] |  1883.2704 [1769.3996, 0.0000]
   172 |  1766.4075 |  2011.1487 [1924.4044, 64.6248] |  1957.1099 [1843.2392, 0.0000]
   173 |  1763.2542 |  1888.9230 [1777.5284, 89.2751] |  1980.6743 [1777.5284, 89.2751]
   174 |  1472.4814 |  1699.5837 [1472.4814, 204.9829] |  1726.7850 [1612.9143, 0.0000]
   175 |  1519.5259 |  1725.1479 [1519.5259, 183.5025] |  1633.3966 [1519.5259, 0.0000]
   176 |  1501.1555 |  1587.8998 [1501.1555, 64.6248] |  1679.6510 [1501.1555, 64.6248]
   177 |  1728.5192 |  1904.1201 [1882.0007, 0.0000] |  1957.9043 [1844.0336, 0.0000]
   178 |  1633.4002 |  1839.0222 [1633.4002, 183.5025] |  1747.2709 [1633.4002, 0.0000]
   179 |  1851.1523 |  2013.2465 [1991.1270, 0.0000] |  2104.9977 [1991.1270, 0.0000]
   180 |  1936.2458 |  2050.0880 [1963.3437, 64.6248] |  2141.8392 [1963.3437, 64.6248]
   181 |  1613.2309 |  1789.2503 [1613.2309, 153.8999] |  1881.0016 [1613.2309, 153.8999]
   182 |  1665.0571 |  1776.4518 [1665.0571, 89.2751] |  1868.2030 [1665.0571, 89.2751]
   183 |  1689.6260 |  1742.9327 [1720.8132, 0.0000] |  1834.6839 [1720.8132, 0.0000]
   184 |  1700.0374 |  1741.3691 [1719.2496, 0.0000] |  1833.1204 [1719.2496, 0.0000]
   185 |  1600.6236 |  1687.3679 [1600.6236, 64.6248] |  1779.1191 [1600.6236, 64.6248]
   186 |  1605.3019 |  1717.4752 [1606.0806, 89.2751] |  1809.2264 [1606.0806, 89.2751]
   187 |  1811.5447 |  1914.5630 [1892.4435, 0.0000] |  2006.3143 [1892.4435, 0.0000]
   188 |  1549.6531 |  1859.0867 [1553.8954, 283.0717] |  1950.8379 [1553.8954, 283.0717]
   189 |  1793.7499 |  2090.0805 [1819.8337, 248.1273] |  1998.3292 [1819.8337, 64.6248]
   190 |  1516.4957 |  1714.1018 [1602.7071, 89.2751] |  1795.4718 [1592.3259, 89.2751]
   191 |  1615.6925 |  1669.0457 [1646.9262, 0.0000] |  1760.7969 [1646.9262, 0.0000]
   192 |  1646.9225 |  1772.4898 [1750.3703, 0.0000] |  1864.2410 [1750.3703, 0.0000]
   193 |  1773.8623 |  1939.0525 [1916.9331, 0.0000] |  2030.8038 [1916.9331, 0.0000]
   194 |  1762.2151 |  1848.3899 [1826.2704, 0.0000] |  1940.1412 [1826.2704, 0.0000]
   195 |  1787.7780 |  1939.4965 [1917.3770, 0.0000] |  2031.2478 [1917.3770, 0.0000]
   196 |  1595.2929 |  1861.4315 [1655.8096, 183.5025] |  1769.6803 [1655.8096, 0.0000]
   197 |  1719.9760 |  1774.1848 [1752.0653, 0.0000] |  1865.9360 [1752.0653, 0.0000]
   198 |  1779.1067 |  1801.4539 [1779.3344, 0.0000] |  1893.2052 [1779.3344, 0.0000]
   199 |  1501.8224 |  1861.3443 [1501.8224, 337.4024] |  1769.5930 [1501.8224, 153.8999]
   200 |  1730.6316 |  1933.3790 [1911.2596, 0.0000] |  1891.0594 [1777.1887, 0.0000]
   201 |  1806.2990 |  1828.4185 [1806.2990, 0.0000] |  1920.1698 [1806.2990, 0.0000]
   202 |  1510.0598 |  1780.3066 [1510.0598, 248.1273] |  1688.5554 [1510.0598, 64.6248]
   203 |  1552.0881 |  1816.3707 [1729.6264, 64.6248] |  1908.1219 [1729.6264, 64.6248]
   204 |  1428.0753 |  1733.2666 [1428.0753, 283.0717] |  1825.0178 [1428.0753, 283.0717]
   205 |  1444.2006 |  1739.0977 [1444.2006, 272.7776] |  1647.3465 [1444.2006, 89.2751]
   206 |  1765.0721 |  1831.8400 [1809.7205, 0.0000] |  1923.5912 [1809.7205, 0.0000]
   207 |  1589.4906 |  1771.1030 [1748.9835, 0.0000] |  1834.1902 [1720.3195, 0.0000]
   208 |  1553.4072 |  1780.5095 [1553.4072, 204.9829] |  1871.1732 [1692.6777, 64.6248]
   209 |  1639.1583 |  1844.7802 [1639.1583, 183.5025] |  1753.0290 [1639.1583, 0.0000]
   210 |  1760.1919 |  2082.5066 [1768.3507, 292.0364] |  2074.9719 [1871.8260, 89.2751]
   211 |  1703.9912 |  1870.3812 [1783.6369, 64.6248] |  1962.1324 [1783.6369, 64.6248]
   212 |  1726.5144 |  1858.7908 [1772.0465, 64.6248] |  1950.5420 [1772.0465, 64.6248]
   213 |  1670.0730 |  1813.1547 [1726.4105, 64.6248] |  1904.9060 [1726.4105, 64.6248]
   214 |  1339.7583 |  1545.3803 [1339.7583, 183.5025] |  1453.6290 [1339.7583, 0.0000]
   215 |  1684.3518 |  1851.9194 [1765.1752, 64.6248] |  1940.7082 [1762.2126, 64.6248]
   216 |  1802.4015 |  2014.1690 [1902.7744, 89.2751] |  2091.6660 [1888.5202, 89.2751]
   217 |  1815.3712 |  1850.4873 [1828.3678, 0.0000] |  1929.2419 [1815.3712, 0.0000]
   218 |  1542.8605 |  1749.5818 [1727.4623, 0.0000] |  1680.3042 [1566.4334, 0.0000]
   219 |  1686.0564 |  1907.6130 [1885.4936, 0.0000] |  1948.4080 [1769.9125, 64.6248]
   220 |  1592.2522 |  1703.6468 [1592.2522, 89.2751] |  1795.3981 [1592.2522, 89.2751]
   221 |  1493.9300 |  1718.8107 [1493.9300, 202.7612] |  1717.8584 [1603.9877, 0.0000]
   222 |  1651.7153 |  1815.4615 [1793.3421, 0.0000] |  1765.5860 [1651.7153, 0.0000]
   223 |  1409.3864 |  1637.6785 [1615.5590, 0.0000] |  1729.4298 [1615.5590, 0.0000]
   224 |  1323.7959 |  1473.7057 [1386.9615, 64.6248] |  1565.4570 [1386.9615, 64.6248]
   225 |  1593.6375 |  1799.2595 [1593.6375, 183.5025] |  1707.5082 [1593.6375, 0.0000]
   226 |  1702.0611 |  1854.5658 [1767.8215, 64.6248] |  1946.3171 [1767.8215, 64.6248]
   227 |  1677.3018 |  1949.4842 [1708.9178, 218.4469] |  2032.1744 [1918.3037, 0.0000]
   228 |  1676.9655 |  1770.7265 [1748.6070, 0.0000] |  1862.4778 [1748.6070, 0.0000]
   229 |  1787.0049 |  1940.3490 [1853.6047, 64.6248] |  1900.8756 [1787.0049, 0.0000]
   230 |  1418.4377 |  1749.0382 [1573.0187, 153.8999] |  1840.7894 [1573.0187, 153.8999]
   231 |  1620.2092 |  1706.9535 [1620.2092, 64.6248] |  1798.7048 [1620.2092, 64.6248]
   232 |  1575.6260 |  1763.3390 [1651.9444, 89.2751] |  1855.0903 [1651.9444, 89.2751]
   233 |  1718.8585 |  1946.8534 [1924.7339, 0.0000] |  1918.7539 [1804.8832, 0.0000]
   234 |  1728.7137 |  1841.5555 [1754.8112, 64.6248] |  1907.2092 [1728.7137, 64.6248]
   235 |  1877.5968 |  2017.8738 [1995.7544, 0.0000] |  2109.6251 [1995.7544, 0.0000]
   236 |  1909.0870 |  1948.7883 [1926.6688, 0.0000] |  2040.5395 [1926.6688, 0.0000]
   237 |  1707.6905 |  1926.0690 [1839.3248, 64.6248] |  1955.2716 [1841.4009, 0.0000]
   238 |  1468.9163 |  1644.9357 [1468.9163, 153.8999] |  1736.6870 [1468.9163, 153.8999]
   239 |  1583.7585 |  1714.4412 [1692.3218, 0.0000] |  1806.1925 [1692.3218, 0.0000]
   240 |  1322.2897 |  1527.0344 [1504.9149, 0.0000] |  1618.7856 [1504.9149, 0.0000]
   241 |  1645.7385 |  1872.8408 [1645.7385, 204.9829] |  1964.5921 [1645.7385, 204.9829]
   242 |  1692.2645 |  1871.5971 [1849.4776, 0.0000] |  1913.2625 [1710.1167, 89.2751]
   243 |  1612.5110 |  1882.7578 [1612.5110, 248.1273] |  1791.0065 [1612.5110, 64.6248]
   244 |  1424.4348 |  1675.7329 [1499.7134, 153.8999] |  1692.2055 [1424.4348, 153.8999]
   245 |  1801.0438 |  1972.7342 [1885.9899, 64.6248] |  2064.4854 [1885.9899, 64.6248]
   246 |  1656.6316 |  1790.7314 [1703.9872, 64.6248] |  1859.7774 [1656.6316, 89.2751]
   247 |  1737.5513 |  1789.0109 [1766.8914, 0.0000] |  1880.7622 [1766.8914, 0.0000]
   248 |  1627.3329 |  1808.9555 [1786.8361, 0.0000] |  1900.7068 [1786.8361, 0.0000]
   249 |  1536.7859 |  1558.9053 [1536.7859, 0.0000] |  1650.6566 [1536.7859, 0.0000]
   250 |  1676.3979 |  1875.1925 [1763.7978, 89.2751] |  1958.9234 [1755.7775, 89.2751]
   251 |  1606.6229 |  1859.4448 [1772.7005, 64.6248] |  1951.1960 [1772.7005, 64.6248]
   252 |  1584.1919 |  1766.2304 [1744.1110, 0.0000] |  1857.9817 [1744.1110, 0.0000]
   253 |  1649.8822 |  1893.1188 [1806.3746, 64.6248] |  1853.0281 [1649.8822, 89.2751]
   254 |  1791.0435 |  1891.5705 [1869.4510, 0.0000] |  1904.9142 [1791.0435, 0.0000]
   255 |  1610.2762 |  1632.3957 [1610.2762, 0.0000] |  1724.1470 [1610.2762, 0.0000]
   256 |  1674.1325 |  1785.2823 [1698.5380, 64.6248] |  1788.0032 [1674.1325, 0.0000]
   257 |  1526.7226 |  1822.4989 [1597.6182, 202.7612] |  1868.5084 [1754.6377, 0.0000]
   258 |  1697.5622 |  1879.2295 [1857.1100, 0.0000] |  1873.0065 [1759.1358, 0.0000]
   259 |  1933.8509 |  2018.7662 [1996.6467, 0.0000] |  2110.5174 [1996.6467, 0.0000]
   260 |  1717.7039 |  1799.6164 [1777.4969, 0.0000] |  1891.3676 [1777.4969, 0.0000]
   261 |  1859.1465 |  1912.8553 [1890.7359, 0.0000] |  2004.6066 [1890.7359, 0.0000]
   262 |  1659.5926 |  1871.0874 [1848.9679, 0.0000] |  1786.7000 [1672.8293, 0.0000]
   263 |  1632.4485 |  1843.9723 [1757.2280, 64.6248] |  1810.9440 [1632.4485, 64.6248]
   264 |  1620.2283 |  1741.7418 [1719.6223, 0.0000] |  1833.4931 [1719.6223, 0.0000]
   265 |  1647.3715 |  1823.3909 [1647.3715, 153.8999] |  1915.1422 [1647.3715, 153.8999]
   266 |  1668.9601 |  1844.9795 [1668.9601, 153.8999] |  1936.7308 [1668.9601, 153.8999]
   267 |  1601.3459 |  1777.3653 [1601.3459, 153.8999] |  1869.1166 [1601.3459, 153.8999]
   268 |  1445.6607 |  1705.2377 [1683.1182, 0.0000] |  1796.9889 [1683.1182, 0.0000]
   269 |  1535.4312 |  1894.9531 [1535.4312, 337.4024] |  1803.2019 [1535.4312, 153.8999]
   270 |  1431.4239 |  1745.5798 [1431.4239, 292.0364] |  1837.3310 [1431.4239, 292.0364]
   271 |  1703.1526 |  1817.7315 [1795.6120, 0.0000] |  1909.4827 [1795.6120, 0.0000]
   272 |  1475.0325 |  1566.3955 [1544.2760, 0.0000] |  1658.1467 [1544.2760, 0.0000]
   273 |  1665.8116 |  1871.9396 [1785.1953, 64.6248] |  1963.6908 [1785.1953, 64.6248]
   274 |  1652.5511 |  1822.0880 [1735.3437, 64.6248] |  1855.6970 [1652.5511, 89.2751]
   275 |  1737.2552 |  1871.0519 [1848.9324, 0.0000] |  1878.6231 [1764.7523, 0.0000]
   276 |  1679.6650 |  1766.4092 [1679.6650, 64.6248] |  1858.1605 [1679.6650, 64.6248]
   277 |  1842.7609 |  1874.5147 [1852.3952, 0.0000] |  1966.2660 [1852.3952, 0.0000]
   278 |  1889.4118 |  2100.7482 [2078.6287, 0.0000] |  2012.0138 [1898.1431, 0.0000]
   279 |  1559.2518 |  1911.8184 [1641.5717, 248.1273] |  1820.0672 [1641.5717, 64.6248]
   280 |  1877.5474 |  1964.2917 [1877.5474, 64.6248] |  2056.0429 [1877.5474, 64.6248]
   281 |  1666.3312 |  1753.0755 [1666.3312, 64.6248] |  1844.8267 [1666.3312, 64.6248]
   282 |  1498.9089 |  1780.8353 [1510.5885, 248.1273] |  1689.0840 [1510.5885, 64.6248]
   283 |  1673.9125 |  1784.4931 [1762.3736, 0.0000] |  1874.7181 [1760.8474, 0.0000]
   284 |  1632.3284 |  1719.0726 [1632.3284, 64.6248] |  1810.8239 [1632.3284, 64.6248]
   285 |  1433.2651 |  1658.1459 [1433.2651, 202.7612] |  1667.6831 [1553.8124, 0.0000]
   286 |  1537.0456 |  1722.1814 [1610.7868, 89.2751] |  1813.9326 [1610.7868, 89.2751]
   287 |  1548.2786 |  1659.6732 [1548.2786, 89.2751] |  1751.4245 [1548.2786, 89.2751]
   288 |  1565.5564 |  1652.3007 [1565.5564, 64.6248] |  1744.0519 [1565.5564, 64.6248]
   289 |  1772.8972 |  1859.6415 [1772.8972, 64.6248] |  1951.3928 [1772.8972, 64.6248]
   290 |  1768.1293 |  2022.9534 [1936.2091, 64.6248] |  2114.7046 [1936.2091, 64.6248]
   291 |  1613.1367 |  1832.6773 [1721.2826, 89.2751] |  1924.4285 [1721.2826, 89.2751]
   292 |  1702.3126 |  1848.1819 [1826.0625, 0.0000] |  1816.1833 [1702.3126, 0.0000]
   293 |  1647.5239 |  1756.0394 [1669.2951, 64.6248] |  1847.7907 [1669.2951, 64.6248]
   294 |  1748.0569 |  1937.6360 [1826.2414, 89.2751] |  1951.2027 [1748.0569, 89.2751]
   295 |  1828.1384 |  1882.2394 [1860.1199, 0.0000] |  1973.9906 [1860.1199, 0.0000]
   296 |  1387.0260 |  1781.4924 [1387.0260, 372.3469] |  1873.2436 [1387.0260, 372.3469]
   297 |  1575.0009 |  1842.7229 [1617.8422, 202.7612] |  1777.4856 [1663.6149, 0.0000]
   298 |  1630.5293 |  1836.1513 [1630.5293, 183.5025] |  1744.4000 [1630.5293, 0.0000]
   299 |  1503.7496 |  1728.6303 [1503.7496, 202.7612] |  1820.3816 [1503.7496, 202.7612]
   300 |  1443.4492 |  1717.5237 [1541.5043, 153.8999] |  1711.2199 [1443.4492, 153.8999]

  MEDIE VALIDAZIONE OUT-OF-SAMPLE
  PI_val  = 1638.2490
  STO_val = 1820.4426  (politica x_sto applicata out-of-sample)
  EEV_val = 1859.6566  (politica x_ev  applicata out-of-sample)
  VSS_val = EEV_val - STO_val = 39.2141 (2.1087%)
  Gap PI-STO_val = 11.1212%
============================================================

IMPATTO ARCHI CASUALI - VALIDAZIONE
  Scenari analizzati = 300
  Estrazioni casuali totali scenario-specifiche = 9000
  Archi casuali distinti = 92

  Conteggio degli archi casuali che compaiono nei tour
  PI : distinti usati almeno una volta = 91/92 (98.91%) | occorrenze scenario-specifiche = 1273/9000 (14.14%)
  STO: distinti usati almeno una volta = 91/92 (98.91%) | occorrenze scenario-specifiche = 1535/9000 (17.06%)
  EEV: distinti usati almeno una volta = 92/92 (100.00%) | occorrenze scenario-specifiche = 1406/9000 (15.62%)
  ANY: distinti usati in almeno un tour PI/STO/EEV = 92/92 (100.00%) | occorrenze scenario-specifiche = 1960/9000 (21.78%)

  Dettaglio per scenario: sid | casuali | PI | STO | EEV | ANY
     1 |      30 |  4 |   4 |   4 |   4
     2 |      30 |  5 |   5 |   5 |   5
     3 |      30 |  3 |   5 |   3 |   7
     4 |      30 |  5 |   5 |   5 |   6
     5 |      30 |  3 |   3 |   3 |   3
     6 |      30 |  4 |   4 |   6 |  10
     7 |      30 |  5 |   7 |   7 |   7
     8 |      30 |  2 |   6 |   6 |   6
     9 |      30 |  3 |   3 |   3 |   5
    10 |      30 |  4 |   4 |   4 |   7
    11 |      30 |  3 |   6 |   6 |   8
    12 |      30 |  3 |   4 |   4 |   4
    13 |      30 |  6 |   6 |   6 |   6
    14 |      30 |  4 |   7 |   7 |   7
    15 |      30 |  2 |   7 |   4 |   8
    16 |      30 |  5 |   5 |   5 |   9
    17 |      30 |  2 |   4 |   4 |   4
    18 |      30 |  7 |   8 |   5 |  14
    19 |      30 |  3 |   4 |   3 |   4
    20 |      30 |  4 |   5 |   5 |   6
    21 |      30 |  2 |   7 |   4 |   7
    22 |      30 |  4 |   7 |   7 |   9
    23 |      30 |  3 |   3 |   3 |   3
    24 |      30 |  4 |   7 |   7 |  10
    25 |      30 |  4 |   6 |   6 |   6
    26 |      30 |  3 |   3 |   2 |   3
    27 |      30 |  3 |   4 |   3 |   5
    28 |      30 |  4 |   4 |   4 |   4
    29 |      30 |  4 |   7 |   7 |   9
    30 |      30 |  7 |   7 |   7 |  10
    31 |      30 |  6 |   6 |   6 |   8
    32 |      30 |  4 |   7 |   7 |  10
    33 |      30 |  4 |   4 |   4 |   8
    34 |      30 |  5 |   5 |   5 |   6
    35 |      30 |  6 |   5 |   5 |   7
    36 |      30 |  3 |   3 |   3 |   3
    37 |      30 |  4 |   5 |   4 |   8
    38 |      30 |  3 |   3 |   3 |   3
    39 |      30 |  7 |   7 |   7 |   7
    40 |      30 |  5 |   6 |   5 |   6
    41 |      30 |  3 |   6 |   6 |   7
    42 |      30 |  4 |   6 |   6 |   8
    43 |      30 |  4 |   4 |   5 |   7
    44 |      30 |  3 |   3 |   3 |   5
    45 |      30 |  2 |   2 |   2 |   2
    46 |      30 |  5 |   5 |   5 |   5
    47 |      30 |  4 |   6 |   4 |   6
    48 |      30 |  4 |   6 |   4 |   7
    49 |      30 |  7 |   7 |   7 |   7
    50 |      30 |  1 |   7 |   5 |  10
    51 |      30 |  3 |   3 |   3 |   4
    52 |      30 |  3 |   6 |   4 |  10
    53 |      30 |  3 |   6 |   6 |   7
    54 |      30 |  5 |   3 |   5 |   7
    55 |      30 |  6 |   6 |   5 |   6
    56 |      30 |  4 |   4 |   4 |   6
    57 |      30 |  6 |   6 |   6 |   6
    58 |      30 |  4 |   6 |   4 |   8
    59 |      30 |  4 |   4 |   4 |   8
    60 |      30 |  1 |   4 |   4 |   4
    61 |      30 |  6 |   6 |   4 |  10
    62 |      30 |  4 |   5 |   5 |   6
    63 |      30 |  6 |   6 |   3 |   8
    64 |      30 |  6 |   5 |   5 |   7
    65 |      30 |  4 |   4 |   4 |   4
    66 |      30 |  4 |   5 |   5 |   6
    67 |      30 |  3 |   4 |   4 |   4
    68 |      30 |  3 |   3 |   3 |   3
    69 |      30 |  6 |   6 |   6 |   6
    70 |      30 |  4 |   4 |   4 |   5
    71 |      30 |  4 |   5 |   5 |   5
    72 |      30 |  7 |   7 |   7 |   7
    73 |      30 |  4 |   7 |   7 |   8
    74 |      30 |  4 |   4 |   4 |   4
    75 |      30 |  6 |   5 |   4 |  10
    76 |      30 |  6 |   6 |   6 |   6
    77 |      30 |  3 |   6 |   5 |   7
    78 |      30 |  1 |   2 |   2 |   2
    79 |      30 |  4 |   4 |   2 |   4
    80 |      30 |  2 |   2 |   5 |   7
    81 |      30 |  4 |   3 |   3 |   5
    82 |      30 |  2 |   7 |   7 |   8
    83 |      30 |  4 |   5 |   5 |   8
    84 |      30 |  3 |   3 |   3 |   5
    85 |      30 |  5 |   5 |   5 |   5
    86 |      30 |  4 |   5 |   5 |   5
    87 |      30 |  3 |   5 |   5 |   5
    88 |      30 |  6 |   6 |   3 |   7
    89 |      30 |  7 |   7 |   7 |   9
    90 |      30 |  3 |   5 |   3 |   7
    91 |      30 |  5 |   8 |   8 |  11
    92 |      30 |  2 |   6 |   2 |   6
    93 |      30 |  4 |   4 |   4 |   5
    94 |      30 |  3 |   4 |   3 |   7
    95 |      30 |  3 |   6 |   6 |   7
    96 |      30 |  2 |   5 |   7 |   7
    97 |      30 |  4 |   4 |   3 |   9
    98 |      30 |  7 |   5 |   7 |  10
    99 |      30 |  4 |   8 |   8 |  11
   100 |      30 |  6 |   6 |   4 |   9
   101 |      30 |  6 |   6 |   6 |   6
   102 |      30 |  3 |   4 |   4 |   5
   103 |      30 |  3 |   4 |   3 |   4
   104 |      30 |  3 |   5 |   3 |   5
   105 |      30 |  4 |   7 |   7 |   7
   106 |      30 |  3 |   7 |   7 |  12
   107 |      30 |  5 |   5 |   5 |   5
   108 |      30 |  5 |   5 |   3 |   6
   109 |      30 |  5 |   5 |   5 |   5
   110 |      30 |  2 |   3 |   2 |   3
   111 |      30 |  3 |   8 |   5 |  10
   112 |      30 |  6 |   8 |   7 |   8
   113 |      30 |  3 |   4 |   4 |   7
   114 |      30 |  5 |   5 |   4 |   9
   115 |      30 |  4 |   8 |   8 |  10
   116 |      30 |  4 |   6 |   6 |  10
   117 |      30 |  4 |   6 |   6 |   8
   118 |      30 |  6 |   7 |   5 |   8
   119 |      30 |  3 |   3 |   3 |   7
   120 |      30 |  5 |   5 |   5 |   5
   121 |      30 |  4 |   6 |   4 |  10
   122 |      30 |  5 |   5 |   5 |   5
   123 |      30 |  4 |   3 |   2 |   7
   124 |      30 |  4 |   4 |   4 |   4
   125 |      30 |  7 |   7 |   7 |   7
   126 |      30 |  2 |   2 |   2 |   2
   127 |      30 |  6 |   6 |   6 |   6
   128 |      30 |  3 |   5 |   5 |   7
   129 |      30 |  7 |   7 |   7 |   7
   130 |      30 |  6 |   5 |   4 |  10
   131 |      30 |  4 |   6 |   4 |   8
   132 |      30 |  3 |   3 |   3 |   3
   133 |      30 |  3 |   5 |   2 |   7
   134 |      30 |  3 |   4 |   3 |   5
   135 |      30 |  5 |   5 |   5 |   5
   136 |      30 |  4 |   5 |   5 |   9
   137 |      30 |  6 |   6 |   6 |   9
   138 |      30 |  4 |   4 |   4 |   4
   139 |      30 |  3 |   4 |   4 |   5
   140 |      30 |  5 |   5 |   2 |   6
   141 |      30 |  5 |   5 |   5 |   8
   142 |      30 |  4 |   4 |   4 |   7
   143 |      30 |  2 |   4 |   4 |   7
   144 |      30 |  8 |   8 |   8 |   8
   145 |      30 |  5 |   6 |   4 |   8
   146 |      30 |  4 |   4 |   4 |   9
   147 |      30 |  6 |   6 |   6 |   6
   148 |      30 |  8 |   8 |   8 |   8
   149 |      30 |  2 |   6 |   6 |   7
   150 |      30 |  4 |   3 |   3 |   6
   151 |      30 |  3 |   4 |   3 |   4
   152 |      30 |  5 |   5 |   5 |   8
   153 |      30 |  5 |   5 |   4 |   7
   154 |      30 |  5 |   5 |   5 |   5
   155 |      30 |  5 |   5 |   5 |   5
   156 |      30 |  1 |   3 |   2 |   6
   157 |      30 |  4 |   4 |   4 |   4
   158 |      30 |  3 |   7 |   3 |   8
   159 |      30 |  3 |   3 |   3 |   3
   160 |      30 |  4 |   4 |   4 |   5
   161 |      30 |  4 |   4 |   4 |   4
   162 |      30 |  1 |   4 |   3 |   7
   163 |      30 |  7 |   7 |   7 |   8
   164 |      30 |  4 |   6 |   4 |   7
   165 |      30 |  3 |   4 |   3 |   6
   166 |      30 |  3 |   4 |   4 |   7
   167 |      30 |  5 |   5 |   5 |   7
   168 |      30 |  6 |   6 |   4 |   6
   169 |      30 |  4 |   4 |   4 |   4
   170 |      30 |  4 |   5 |   4 |   7
   171 |      30 |  4 |   5 |   5 |   8
   172 |      30 |  5 |   6 |   5 |   9
   173 |      30 |  6 |   4 |   4 |   8
   174 |      30 |  5 |   5 |   4 |   6
   175 |      30 |  6 |   6 |   6 |   6
   176 |      30 |  7 |   7 |   7 |   7
   177 |      30 |  4 |   4 |   3 |   7
   178 |      30 |  5 |   5 |   5 |   5
   179 |      30 |  1 |   3 |   3 |   4
   180 |      30 |  4 |   5 |   5 |   7
   181 |      30 |  3 |   3 |   3 |   3
   182 |      30 |  5 |   5 |   5 |   5
   183 |      30 |  4 |   4 |   4 |   5
   184 |      30 |  4 |   4 |   4 |   7
   185 |      30 |  3 |   3 |   3 |   3
   186 |      30 |  6 |   7 |   7 |   9
   187 |      30 |  6 |   5 |   5 |   8
   188 |      30 |  6 |   6 |   6 |   7
   189 |      30 |  3 |   3 |   3 |   3
   190 |      30 |  4 |   7 |   6 |   9
   191 |      30 |  5 |   4 |   4 |   6
   192 |      30 |  3 |   5 |   5 |   5
   193 |      30 |  5 |   5 |   5 |   6
   194 |      30 |  4 |   5 |   5 |   8
   195 |      30 |  2 |   6 |   6 |   8
   196 |      30 |  5 |   4 |   4 |   6
   197 |      30 |  1 |   4 |   4 |   4
   198 |      30 |  2 |   6 |   6 |   6
   199 |      30 |  6 |   6 |   6 |   6
   200 |      30 |  5 |   6 |   6 |  10
   201 |      30 |  6 |   6 |   6 |   6
   202 |      30 |  2 |   2 |   2 |   2
   203 |      30 |  4 |   5 |   5 |   7
   204 |      30 |  4 |   4 |   4 |   4
   205 |      30 |  5 |   5 |   5 |   5
   206 |      30 |  4 |   4 |   4 |   6
   207 |      30 |  5 |   5 |   5 |   8
   208 |      30 |  8 |   8 |   5 |  10
   209 |      30 |  3 |   3 |   3 |   3
   210 |      30 |  1 |   4 |   3 |   4
   211 |      30 |  5 |   7 |   7 |   9
   212 |      30 |  3 |   4 |   4 |   4
   213 |      30 |  3 |   4 |   4 |   7
   214 |      30 |  7 |   7 |   7 |   7
   215 |      30 |  3 |   6 |   3 |   6
   216 |      30 |  3 |   4 |   4 |   9
   217 |      30 |  4 |   5 |   4 |   6
   218 |      30 |  3 |   6 |   4 |   6
   219 |      30 |  4 |   5 |   3 |  11
   220 |      30 |  6 |   6 |   6 |   6
   221 |      30 |  5 |   5 |   4 |   5
   222 |      30 |  6 |   6 |   6 |   7
   223 |      30 |  7 |   8 |   8 |   8
   224 |      30 |  3 |   5 |   5 |   5
   225 |      30 |  4 |   4 |   4 |   4
   226 |      30 |  5 |   4 |   4 |   9
   227 |      30 |  5 |   4 |   5 |   8
   228 |      30 |  4 |   5 |   5 |   7
   229 |      30 |  3 |   5 |   3 |   7
   230 |      30 |  6 |   5 |   5 |   6
   231 |      30 |  5 |   5 |   5 |   5
   232 |      30 |  4 |   3 |   3 |   4
   233 |      30 |  5 |   7 |   5 |  10
   234 |      30 |  3 |   5 |   3 |   8
   235 |      30 |  6 |   3 |   3 |   7
   236 |      30 |  4 |   3 |   3 |   6
   237 |      30 |  7 |   5 |   5 |  11
   238 |      30 |  6 |   6 |   6 |   6
   239 |      30 |  5 |   3 |   3 |   7
   240 |      30 |  3 |   5 |   5 |   5
   241 |      30 |  4 |   4 |   4 |   4
   242 |      30 |  4 |   4 |   3 |   6
   243 |      30 |  5 |   5 |   5 |   5
   244 |      30 |  2 |   5 |   2 |   5
   245 |      30 |  3 |   5 |   5 |   7
   246 |      30 |  4 |   5 |   4 |   7
   247 |      30 |  3 |   4 |   4 |   6
   248 |      30 |  6 |   7 |   7 |   7
   249 |      30 |  6 |   6 |   6 |   6
   250 |      30 |  4 |   5 |   1 |   7
   251 |      30 |  6 |   6 |   6 |   8
   252 |      30 |  5 |   6 |   6 |   6
   253 |      30 |  3 |   6 |   3 |   7
   254 |      30 |  3 |   5 |   3 |   7
   255 |      30 |  5 |   5 |   5 |   5
   256 |      30 |  5 |   6 |   5 |  10
   257 |      30 |  6 |   6 |   6 |   8
   258 |      30 |  2 |   5 |   4 |   7
   259 |      30 |  3 |   6 |   6 |   8
   260 |      30 |  4 |   5 |   5 |   5
   261 |      30 |  5 |   6 |   6 |   6
   262 |      30 |  4 |   7 |   6 |  12
   263 |      30 |  3 |   5 |   3 |   6
   264 |      30 |  6 |   7 |   7 |  12
   265 |      30 |  5 |   5 |   5 |   5
   266 |      30 |  6 |   6 |   6 |   6
   267 |      30 |  5 |   5 |   5 |   5
   268 |      30 |  5 |   5 |   5 |   8
   269 |      30 |  3 |   3 |   3 |   3
   270 |      30 |  4 |   4 |   4 |   4
   271 |      30 |  3 |   5 |   5 |   7
   272 |      30 |  4 |   6 |   6 |   7
   273 |      30 |  3 |   6 |   6 |   6
   274 |      30 |  3 |   5 |   3 |   8
   275 |      30 |  3 |   5 |   4 |   8
   276 |      30 |  5 |   5 |   5 |   5
   277 |      30 |  5 |   5 |   5 |   9
   278 |      30 |  3 |   4 |   4 |   7
   279 |      30 |  5 |   7 |   7 |   7
   280 |      30 |  5 |   5 |   5 |   5
   281 |      30 |  7 |   7 |   7 |   7
   282 |      30 |  5 |   5 |   5 |   6
   283 |      30 |  3 |   6 |   4 |   7
   284 |      30 |  8 |   8 |   8 |   8
   285 |      30 |  3 |   3 |   3 |   3
   286 |      30 |  6 |   7 |   7 |  11
   287 |      30 |  8 |   8 |   8 |   8
   288 |      30 |  7 |   7 |   7 |   7
   289 |      30 |  5 |   5 |   5 |   5
   290 |      30 |  3 |   6 |   6 |   9
   291 |      30 |  3 |   5 |   5 |   5
   292 |      30 |  3 |   3 |   3 |   3
   293 |      30 |  5 |   7 |   7 |   9
   294 |      30 |  4 |   5 |   4 |   7
   295 |      30 |  5 |   8 |   8 |   9
   296 |      30 |  5 |   5 |   5 |   5
   297 |      30 |  2 |   2 |   2 |   2
   298 |      30 |  3 |   3 |   3 |   3
   299 |      30 |  6 |   6 |   6 |   6
   300 |      30 |  3 |   6 |   3 |   6
